rank,geom_id,sun_offset,view_offset,pose_id,label,yaw,pitch,roll,is_new_pose,on_grid_edge,camera_exr_src,sun_exr_src,ocs_total,ocs_metal,ocs_dark,ocs_solar,n_pixels_contributing,image_usable,anchor_ref,anchor_ref_ocs_total,anchor_rel_diff,status,failed_reason
1,sp5_vm7,5,-7,S1_best[B_y35_p75_r-20],yaw035_pitch+075_roll-020,35.0,75.0,-20.0,True,,28/cam_vm7,28/sun_sp5,0.27193960547447205,0.27053168416023254,0.0,0.001407896401360631,4133,True,,,,COMPLETE,
2,sp7_vm5,7,-5,S1_best[B_y35_p75_r-20],yaw035_pitch+075_roll-020,35.0,75.0,-20.0,True,,28/cam_vm5,28/sun_sp7,0.2715071141719818,0.2700861096382141,0.0,0.0014209765940904617,4142,True,,,,COMPLETE,
3,sp5_vm9,5,-9,S1_best[B_y35_p75_r-20],yaw035_pitch+075_roll-020,35.0,75.0,-20.0,True,,28/cam_vm9,28/sun_sp5,0.2711687982082367,0.2696959376335144,1.1704837561410386e-05,0.0014611411606892943,4165,True,,,,COMPLETE,
4,sp7_vm7,7,-7,S1_best[B_y35_p75_r-20],yaw035_pitch+075_roll-020,35.0,75.0,-20.0,True,,28/cam_vm7,28/sun_sp7,0.27080872654914856,0.26939791440963745,0.0,0.0014108129544183612,4133,True,,,,COMPLETE,
5,sp9_vm5,9,-5,S1_best[B_y35_p75_r-20],yaw035_pitch+075_roll-020,35.0,75.0,-20.0,True,,28/cam_vm5,28/sun_sp9,0.27041420340538025,0.2689927816390991,0.0,0.0014214409748092294,4141,True,,,,COMPLETE,
6,sp9_vm9,9,-9,C_R3,yaw055_pitch+060_roll+000,55.0,60.0,0.0,False,,28/cam_vm9,28/sun_sp9,0.26702725887298584,0.2655998468399048,0.0,0.0014273867709562182,4144,True,,,,COMPLETE,
7,sp5_vm5,5,-5,S1_best[B_y35_p75_r-20],yaw035_pitch+075_roll-020,35.0,75.0,-20.0,True,,28/cam_vm5,28/sun_sp5,0.2648552656173706,0.26344382762908936,0.0,0.0014114163350313902,4144,True,,,,COMPLETE,
8,sp7_vm9,7,-9,S1_best[B_y35_p75_r-20],yaw035_pitch+075_roll-020,35.0,75.0,-20.0,True,,28/cam_vm9,28/sun_sp7,0.2623109519481659,0.2608426511287689,1.171037456515478e-05,0.0014565774472430348,4164,True,,,,COMPLETE,
9,sp9_vm7,9,-7,S1_best[B_y35_p75_r-20],yaw035_pitch+075_roll-020,35.0,75.0,-20.0,True,,28/cam_vm7,28/sun_sp9,0.26201143860816956,0.26060646772384644,0.0,0.0014049515593796968,4132,True,,,,COMPLETE,
10,sp7_vm9,7,-9,C_R3,yaw055_pitch+060_roll+000,55.0,60.0,0.0,False,,28/cam_vm9,REUSED_26/G1_sun_plus,0.2492092102766037,0.2478063702583313,0.0,0.0014028489822521806,4141,True,,,,COMPLETE,
11,sp9_vm7,9,-7,C_R3,yaw055_pitch+060_roll+000,55.0,60.0,0.0,False,,REUSED_26/G4_view_minus,28/sun_sp9,0.24855244159698486,0.24741677939891815,0.0,0.0011356667382642627,4113,True,,,,COMPLETE,
12,sp9_vm9,9,-9,S1_best[B_y35_p75_r-20],yaw035_pitch+075_roll-020,35.0,75.0,-20.0,True,,28/cam_vm9,28/sun_sp9,0.24662208557128906,0.24516752362251282,1.1681474461511243e-05,0.0014428908471018076,4162,True,,,,COMPLETE,
13,sp5_vm9,5,-9,C_R3,yaw055_pitch+060_roll+000,55.0,60.0,0.0,False,,28/cam_vm9,28/sun_sp5,0.22622953355312347,0.22485961019992828,0.0,0.0013699292903766036,4142,True,,,,COMPLETE,
14,sp7_vm7,7,-7,C_R3,yaw055_pitch+060_roll+000,55.0,60.0,0.0,False,,REUSED_26/G4_view_minus,REUSED_26/G1_sun_plus,0.22555673122406006,0.22444628179073334,0.0,0.0011104883160442114,4116,True,27/Hsp_vm,0.22555673122406006,0.0,COMPLETE,
15,sp9_vm5,9,-5,C_R3,yaw055_pitch+060_roll+000,55.0,60.0,0.0,False,,28/cam_vm5,28/sun_sp9,0.22489063441753387,0.22336602210998535,0.0,0.0015245878603309393,4127,True,,,,COMPLETE,
16,sp5_vm7,5,-7,C_R3,yaw055_pitch+060_roll+000,55.0,60.0,0.0,False,,REUSED_26/G4_view_minus,28/sun_sp5,0.19939279556274414,0.1983136236667633,0.0,0.0010791633976623416,4117,True,,,,COMPLETE,
17,sp7_vm5,7,-5,C_R3,yaw055_pitch+060_roll+000,55.0,60.0,0.0,False,,28/cam_vm5,REUSED_26/G1_sun_plus,0.19880758225917816,0.19732478260993958,0.0,0.0014827919658273458,4134,True,,,,COMPLETE,
18,sp5_vm5,5,-5,C_R3,yaw055_pitch+060_roll+000,55.0,60.0,0.0,False,,28/cam_vm5,28/sun_sp5,0.17157575488090515,0.17014214396476746,0.0,0.0014336092863231897,4136,True,,,,COMPLETE,
19,sp5_vm5,5,-5,D5_roll125,yaw2450_pitchp0275_roll+0125,245.0,27.5,12.5,False,,28/cam_vm5,28/sun_sp5,0.17043428122997284,0.16026929020881653,0.008531489409506321,0.0016335038235411048,4041,True,,,,COMPLETE,
20,sp7_vm5,7,-5,D5_roll125,yaw2450_pitchp0275_roll+0125,245.0,27.5,12.5,False,,28/cam_vm5,REUSED_26/G1_sun_plus,0.15343214571475983,0.14337584376335144,0.008460077457129955,0.0015962289180606604,4048,True,,,,COMPLETE,
21,sp5_vm7,5,-7,D5_roll125,yaw2450_pitchp0275_roll+0125,245.0,27.5,12.5,False,,REUSED_26/G4_view_minus,28/sun_sp5,0.15087001025676727,0.14108777046203613,0.00837719440460205,0.001405045622959733,3964,True,,,,COMPLETE,
22,sp5_vm5,5,-5,B_R4,yaw1475_pitchp0125_roll+000,147.5,12.5,0.0,False,,28/cam_vm5,28/sun_sp5,0.14004971086978912,0.137658953666687,0.0009363784338347614,0.0014543836005032063,2677,True,,,,COMPLETE,
23,sp5_vm5,5,-5,A_top1,yaw2450_pitchp0275_roll+015,245.0,27.5,15.0,False,,28/cam_vm5,28/sun_sp5,0.13720901310443878,0.12739552557468414,0.008359916508197784,0.0014535844093188643,4052,True,,,,COMPLETE,
24,sp9_vm5,9,-5,D5_roll125,yaw2450_pitchp0275_roll+0125,245.0,27.5,12.5,False,,28/cam_vm5,28/sun_sp9,0.13476616144180298,0.12485251575708389,0.008364119566977024,0.001549514359794557,4050,True,,,,COMPLETE,
25,sp7_vm7,7,-7,D5_roll125,yaw2450_pitchp0275_roll+0125,245.0,27.5,12.5,False,,REUSED_26/G4_view_minus,REUSED_26/G1_sun_plus,0.13269323110580444,0.1230347529053688,0.008292690850794315,0.0013657899107784033,3981,True,27/Hsp_vm,0.13269323110580444,0.0,COMPLETE,
26,sp5_vm9,5,-9,D5_roll125,yaw2450_pitchp0275_roll+0125,245.0,27.5,12.5,False,,28/cam_vm9,28/sun_sp5,0.13224726915359497,0.12264504283666611,0.008235190995037556,0.0013670403277501464,3935,True,,,,COMPLETE,
27,sp7_vm5,7,-5,B_R4,yaw1475_pitchp0125_roll+000,147.5,12.5,0.0,False,,28/cam_vm5,REUSED_26/G1_sun_plus,0.12090028822422028,0.11849131435155869,0.0009267220739275217,0.0014822471421211958,3421,True,,,,COMPLETE,
28,sp5_vm7,5,-7,B_R4,yaw1475_pitchp0125_roll+000,147.5,12.5,0.0,False,,REUSED_26/G4_view_minus,28/sun_sp5,0.11942942440509796,0.11679229140281677,0.0008726808009669185,0.0017644373001530766,2635,True,,,,COMPLETE,
29,sp5_vm7,5,-7,A_top1,yaw2450_pitchp0275_roll+015,245.0,27.5,15.0,False,,REUSED_26/G4_view_minus,28/sun_sp5,0.1182728186249733,0.10862184315919876,0.008152894675731659,0.00149808160495013,4009,True,,,,COMPLETE,
30,sp7_vm5,7,-5,A_top1,yaw2450_pitchp0275_roll+015,245.0,27.5,15.0,False,,28/cam_vm5,REUSED_26/G1_sun_plus,0.11815372854471207,0.10850178450345993,0.008248284459114075,0.0014036590000614524,4053,True,,,,COMPLETE,
31,sp9_vm7,9,-7,D5_roll125,yaw2450_pitchp0275_roll+0125,245.0,27.5,12.5,False,,REUSED_26/G4_view_minus,28/sun_sp9,0.11422841995954514,0.10472437739372253,0.008184882812201977,0.0013191571924835443,3985,True,,,,COMPLETE,
32,sp7_vm9,7,-9,D5_roll125,yaw2450_pitchp0275_roll+0125,245.0,27.5,12.5,False,,28/cam_vm9,REUSED_26/G1_sun_plus,0.11403992772102356,0.10457935929298401,0.008138415403664112,0.0013221519766375422,3953,True,,,,COMPLETE,
33,sp5_vm5,5,-5,D6_roll175,yaw2475_pitchp0300_roll+0175,247.5,30.0,17.5,False,,28/cam_vm5,28/sun_sp5,0.1078813225030899,0.09851036965847015,0.008054965175688267,0.0013159927912056446,3991,True,,,,COMPLETE,
34,sp9_vm5,9,-5,B_R4,yaw1475_pitchp0125_roll+000,147.5,12.5,0.0,False,,28/cam_vm5,28/sun_sp9,0.10214147716760635,0.0996321588754654,0.0009158297907561064,0.0015934886178001761,3420,True,,,,COMPLETE,
35,sp7_vm7,7,-7,B_R4,yaw1475_pitchp0125_roll+000,147.5,12.5,0.0,False,,REUSED_26/G4_view_minus,REUSED_26/G1_sun_plus,0.10096915811300278,0.09832273423671722,0.000862575659994036,0.0017838606145232916,3469,True,27/Hsp_vm,0.10096915811300278,0.0,COMPLETE,
36,sp7_vm7,7,-7,A_top1,yaw2450_pitchp0275_roll+015,245.0,27.5,15.0,False,,REUSED_26/G4_view_minus,REUSED_26/G1_sun_plus,0.10038704425096512,0.09091633558273315,0.008031009696424007,0.0014396993210539222,4012,True,27/Hsp_vm,0.10038704425096512,0.0,COMPLETE,
37,sp5_vm9,5,-9,B_R4,yaw1475_pitchp0125_roll+000,147.5,12.5,0.0,False,,28/cam_vm9,28/sun_sp5,0.10005003958940506,0.09757136553525925,0.0008596062543801963,0.0016190657624974847,2601,True,,,,COMPLETE,
38,sp9_vm5,9,-5,A_top1,yaw2450_pitchp0275_roll+015,245.0,27.5,15.0,False,,28/cam_vm5,28/sun_sp9,0.10003665834665298,0.09057451784610748,0.008114888332784176,0.0013472532154992223,4049,True,,,,COMPLETE,
39,sp5_vm9,5,-9,A_top1,yaw2450_pitchp0275_roll+015,245.0,27.5,15.0,False,,28/cam_vm9,28/sun_sp5,0.09918295592069626,0.08983656764030457,0.00797196477651596,0.001374408951960504,3961,True,,,,COMPLETE,
40,sp9_vm9,9,-9,D5_roll125,yaw2450_pitchp0275_roll+0125,245.0,27.5,12.5,False,,28/cam_vm9,28/sun_sp9,0.09667309373617172,0.08738251775503159,0.008019658736884594,0.0012709283037111163,3955,True,,,,COMPLETE,
41,sp7_vm5,7,-5,D6_roll175,yaw2475_pitchp0300_roll+0175,247.5,30.0,17.5,False,,28/cam_vm5,REUSED_26/G1_sun_plus,0.09100494533777237,0.08182573318481445,0.007918822579085827,0.001260393182747066,3988,True,,,,COMPLETE,
42,sp5_vm7,5,-7,D6_roll175,yaw2475_pitchp0300_roll+0175,247.5,30.0,17.5,False,,REUSED_26/G4_view_minus,28/sun_sp5,0.08930846303701401,0.08013229817152023,0.007927851751446724,0.0012483034515753388,3944,True,,,,COMPLETE,
43,sp9_vm7,9,-7,A_top1,yaw2450_pitchp0275_roll+015,245.0,27.5,15.0,False,,REUSED_26/G4_view_minus,28/sun_sp9,0.08426983654499054,0.07500521093606949,0.007888955064117908,0.0013756738044321537,4009,True,,,,COMPLETE,
44,sp9_vm7,9,-7,B_R4,yaw1475_pitchp0125_roll+000,147.5,12.5,0.0,False,,REUSED_26/G4_view_minus,28/sun_sp9,0.08395273983478546,0.08120254427194595,0.0008519854745827615,0.0018982193432748318,3468,True,,,,COMPLETE,
45,sp7_vm9,7,-9,A_top1,yaw2450_pitchp0275_roll+015,245.0,27.5,15.0,False,,28/cam_vm9,REUSED_26/G1_sun_plus,0.08336642384529114,0.07421083748340607,0.007840659469366074,0.0013149343430995941,3965,True,,,,COMPLETE,
46,sp7_vm9,7,-9,B_R4,yaw1475_pitchp0125_roll+000,147.5,12.5,0.0,False,,28/cam_vm9,REUSED_26/G1_sun_plus,0.08310068398714066,0.08060427010059357,0.0008484272984787822,0.0016479933401569724,3520,True,,,,COMPLETE,
47,sp9_vm5,9,-5,D6_roll175,yaw2475_pitchp0300_roll+0175,247.5,30.0,17.5,False,,28/cam_vm5,28/sun_sp9,0.07617173343896866,0.06720782816410065,0.007763492874801159,0.0012004012241959572,3990,True,,,,COMPLETE,
48,sp7_vm7,7,-7,D6_roll175,yaw2475_pitchp0300_roll+0175,247.5,30.0,17.5,False,,REUSED_26/G4_view_minus,REUSED_26/G1_sun_plus,0.07477579265832901,0.06580311805009842,0.007782215718179941,0.0011904631974175572,3945,True,27/Hsp_vm,0.07477579265832901,0.0,COMPLETE,
49,sp5_vm9,5,-9,D6_roll175,yaw2475_pitchp0300_roll+0175,247.5,30.0,17.5,False,,28/cam_vm9,28/sun_sp5,0.07445989549160004,0.06549298763275146,0.007738715037703514,0.0012281923554837704,3903,True,,,,COMPLETE,
50,sp9_vm9,9,-9,A_top1,yaw2450_pitchp0275_roll+015,245.0,27.5,15.0,False,,28/cam_vm9,28/sun_sp9,0.06980950385332108,0.060867395251989365,0.007690784055739641,0.0012513260589912534,3969,True,,,,COMPLETE,
51,sp9_vm9,9,-9,B_R4,yaw1475_pitchp0125_roll+000,147.5,12.5,0.0,False,,28/cam_vm9,28/sun_sp9,0.0683215856552124,0.06569667905569077,0.0008369191200472414,0.0017879910301417112,3520,True,,,,COMPLETE,
52,sp9_vm7,9,-7,D6_roll175,yaw2475_pitchp0300_roll+0175,247.5,30.0,17.5,False,,REUSED_26/G4_view_minus,28/sun_sp9,0.06258787214756012,0.05383953079581261,0.007618901785463095,0.0011294400319457054,3947,True,,,,COMPLETE,
53,sp7_vm9,7,-9,D6_roll175,yaw2475_pitchp0300_roll+0175,247.5,30.0,17.5,False,,28/cam_vm9,REUSED_26/G1_sun_plus,0.06253854185342789,0.05378568917512894,0.007585905026644468,0.0011669370578601956,3903,True,,,,COMPLETE,
54,sp9_vm9,9,-9,D6_roll175,yaw2475_pitchp0300_roll+0175,247.5,30.0,17.5,False,,28/cam_vm9,28/sun_sp9,0.05293926224112511,0.044418588280677795,0.007417117245495319,0.0011035525240004063,3904,True,,,,COMPLETE,
