idx,true_yaw,true_pitch,pred_yaw,pred_pitch,err_angular_deg
1,0.0000,-85.0000,1.1433,-72.9365,12.0649
3,0.0000,-75.0000,351.9428,-66.8703,8.5267
5,0.0000,-65.0000,10.5731,-48.7598,17.1827
7,0.0000,-55.0000,12.8279,-34.0594,22.7662
9,0.0000,-45.0000,357.4780,-32.4006,12.7504
11,0.0000,-35.0000,359.3842,-23.7275,11.2852
13,0.0000,-25.0000,340.6695,-8.0134,25.0716
15,0.0000,-15.0000,14.7454,-23.1771,16.1392
17,0.0000,-5.0000,21.4849,-13.5639,22.8448
19,0.0000,5.0000,7.6001,20.4389,17.1153
21,0.0000,15.0000,349.1431,6.8380,13.4177
23,0.0000,25.0000,353.2246,24.4917,6.1736
25,0.0000,35.0000,4.4986,21.6553,13.9150
27,0.0000,45.0000,3.3883,32.9531,12.3284
29,0.0000,55.0000,0.2218,54.3616,0.6512
31,0.0000,65.0000,17.0564,53.3687,14.4480
33,0.0000,75.0000,2.0429,72.0380,3.0178
35,0.0000,85.0000,34.5395,65.6319,20.4350
37,5.0000,-90.0000,20.9843,-84.7160,5.2840
38,5.0000,-85.0000,20.2304,-84.6468,1.4142
39,5.0000,-80.0000,26.7683,-89.2093,9.2703
40,5.0000,-75.0000,13.3100,-76.0232,2.3145
41,5.0000,-70.0000,16.4745,-73.7804,5.1808
42,5.0000,-65.0000,24.8923,-56.9061,12.5068
43,5.0000,-60.0000,10.6071,-61.8976,3.3170
44,5.0000,-55.0000,8.4578,-50.9668,4.5374
45,5.0000,-50.0000,15.9783,-53.8861,7.7917
46,5.0000,-45.0000,8.2152,-41.4371,4.2635
47,5.0000,-40.0000,357.7360,-29.1721,12.3586
48,5.0000,-35.0000,7.2156,-27.3959,7.8360
49,5.0000,-30.0000,0.8488,-20.2879,10.4110
50,5.0000,-25.0000,4.0284,-17.9342,7.1233
51,5.0000,-20.0000,11.0452,-22.0500,6.0029
52,5.0000,-15.0000,29.7186,-6.4426,25.7206
53,5.0000,-10.0000,7.4139,-17.5879,7.9412
54,5.0000,-5.0000,19.1649,-25.2712,24.4014
55,5.0000,0.0000,10.9943,6.3883,8.7517
56,5.0000,5.0000,22.1506,2.1050,17.3586
57,5.0000,10.0000,7.2888,3.2164,7.1540
58,5.0000,15.0000,24.5750,8.9958,20.0533
59,5.0000,20.0000,26.1825,13.6677,21.2187
60,5.0000,25.0000,26.9603,21.1929,20.5311
61,5.0000,30.0000,26.2239,29.7946,18.3742
62,5.0000,35.0000,22.2063,31.8657,14.6771
63,5.0000,40.0000,21.5571,42.0930,12.6404
64,5.0000,45.0000,9.1440,33.9477,11.5017
65,5.0000,50.0000,5.2462,51.3238,1.3329
66,5.0000,55.0000,10.6501,60.7405,6.4740
67,5.0000,60.0000,34.2590,59.3602,14.6639
68,5.0000,65.0000,28.8092,69.4095,10.1366
69,5.0000,70.0000,24.8140,56.3208,16.1768
70,5.0000,75.0000,8.6764,62.9651,12.1013
71,5.0000,80.0000,23.0289,83.5642,4.3570
72,5.0000,85.0000,25.7544,88.2098,3.3858
73,5.0000,90.0000,45.3179,39.9062,50.0938
75,10.0000,-85.0000,24.0833,-73.4998,11.7121
77,10.0000,-75.0000,6.6938,-79.1493,4.2130
79,10.0000,-65.0000,10.6710,-63.0294,1.9924
81,10.0000,-55.0000,5.7247,-50.9184,4.8242
83,10.0000,-45.0000,8.3472,-39.1604,5.9667
85,10.0000,-35.0000,11.4726,-32.1741,3.0806
87,10.0000,-25.0000,10.2806,-21.0519,3.9565
89,10.0000,-15.0000,24.7539,6.3630,25.8892
91,10.0000,-5.0000,23.9951,-26.9041,25.6520
93,10.0000,5.0000,16.3562,11.8279,9.2794
95,10.0000,15.0000,21.9849,11.1767,12.2802
97,10.0000,25.0000,32.1971,22.3462,20.4783
99,10.0000,35.0000,19.3493,47.6336,14.4293
101,10.0000,45.0000,9.1366,45.8486,1.0428
103,10.0000,55.0000,9.7340,51.8751,3.1289
105,10.0000,65.0000,34.0868,53.9781,16.2779
107,10.0000,75.0000,30.1468,77.4462,5.3482
109,10.0000,85.0000,55.8033,81.5684,6.1009
111,15.0000,-90.0000,28.4814,-90.0000,0.0000
112,15.0000,-85.0000,6.8698,-88.7168,3.7341
113,15.0000,-80.0000,19.6808,-80.0389,0.8119
114,15.0000,-75.0000,8.8907,-77.1853,2.6300
115,15.0000,-70.0000,2.8593,-74.1793,5.5835
116,15.0000,-65.0000,17.7705,-64.0464,1.5261
117,15.0000,-60.0000,17.3036,-58.0546,2.2779
118,15.0000,-55.0000,13.4557,-46.3543,8.7004
119,15.0000,-50.0000,9.0029,-43.1681,7.9730
120,15.0000,-45.0000,13.9487,-39.7870,5.2704
121,15.0000,-40.0000,9.1081,-29.7927,11.2864
122,15.0000,-35.0000,16.7811,-33.3123,2.2407
123,15.0000,-30.0000,358.3424,-16.2719,20.5207
124,15.0000,-25.0000,14.4700,-18.5800,6.4388
125,15.0000,-20.0000,14.3098,-25.3882,5.4257
126,15.0000,-15.0000,26.2031,-11.3443,11.5017
127,15.0000,-10.0000,18.5619,-17.2134,8.0000
128,15.0000,-5.0000,30.3570,-11.7981,16.6344
129,15.0000,0.0000,20.7703,-6.8478,8.9460
130,15.0000,5.0000,18.9006,7.6904,4.7185
131,15.0000,10.0000,14.8826,10.4978,0.5110
132,15.0000,15.0000,22.6612,10.8194,8.5562
133,15.0000,20.0000,21.5284,18.1436,6.4426
134,15.0000,25.0000,32.8219,11.8706,21.3620
135,15.0000,30.0000,25.0047,30.9955,8.6748
136,15.0000,35.0000,9.8068,31.4507,5.6082
137,15.0000,40.0000,13.5038,42.0306,2.3232
138,15.0000,45.0000,16.2916,43.3453,1.8963
139,15.0000,50.0000,17.3762,46.2512,4.0700
140,15.0000,55.0000,11.3711,58.4041,3.9430
141,15.0000,60.0000,12.6736,55.5361,4.6324
142,15.0000,65.0000,10.4352,64.1060,2.1549
143,15.0000,70.0000,9.6419,50.8103,19.3536
144,15.0000,75.0000,18.7838,63.0443,12.0262
145,15.0000,80.0000,24.3747,79.2083,1.8650
146,15.0000,85.0000,27.5795,72.9902,12.1772
147,15.0000,90.0000,74.7696,-48.3589,138.3589
149,20.0000,-85.0000,16.7592,-83.4298,1.6032
151,20.0000,-75.0000,23.6563,-70.3226,4.8004
153,20.0000,-65.0000,27.2954,-44.6933,20.7045
155,20.0000,-55.0000,20.4827,-50.4556,4.5538
157,20.0000,-45.0000,21.3030,-50.7749,5.8404
159,20.0000,-35.0000,15.3893,-34.8908,3.7806
161,20.0000,-25.0000,13.8065,-23.0487,5.9832
163,20.0000,-15.0000,10.0677,0.8796,18.6726
165,20.0000,-5.0000,27.0818,-9.9594,8.5944
167,20.0000,5.0000,24.9039,-7.2593,13.1999
169,20.0000,15.0000,22.5650,6.5704,8.7974
171,20.0000,25.0000,21.3524,18.2648,6.8514
173,20.0000,35.0000,22.5976,34.0738,2.3315
175,20.0000,45.0000,17.1004,53.6366,8.8391
177,20.0000,55.0000,25.1201,42.2621,13.1708
179,20.0000,65.0000,19.0989,60.8462,4.1739
181,20.0000,75.0000,55.6797,12.1342,65.8844
183,20.0000,85.0000,35.0671,-14.8271,99.9955
185,25.0000,-90.0000,18.7904,-63.0825,26.9175
186,25.0000,-85.0000,15.4191,-25.7384,59.3346
187,25.0000,-80.0000,12.6780,-14.4457,65.7978
188,25.0000,-75.0000,18.8364,-69.0918,6.1983
189,25.0000,-70.0000,28.8172,-62.9059,7.2527
190,25.0000,-65.0000,40.7627,-61.2819,8.0038
191,25.0000,-60.0000,20.3309,-54.7544,5.8149
192,25.0000,-55.0000,19.4059,-38.4711,16.9543
193,25.0000,-50.0000,30.9323,-46.7421,5.1105
194,25.0000,-45.0000,36.3830,-51.7888,10.1386
195,25.0000,-40.0000,27.5446,-37.9355,2.8592
196,25.0000,-35.0000,20.4551,-22.5791,13.0393
197,25.0000,-30.0000,3.0904,-15.8295,24.5783
198,25.0000,-25.0000,36.6116,-1.0713,26.4265
199,25.0000,-20.0000,21.2297,-24.9483,6.0507
200,25.0000,-15.0000,34.1966,-5.3164,13.2476
201,25.0000,-10.0000,38.7371,-24.2128,19.3177
202,25.0000,-5.0000,22.9065,1.3830,6.7169
203,25.0000,0.0000,25.0840,-7.3637,7.3642
204,25.0000,5.0000,35.7113,-0.6895,12.1180
205,25.0000,10.0000,31.0169,4.8222,7.8984
206,25.0000,15.0000,33.1279,11.0094,8.8661
207,25.0000,20.0000,29.5869,18.5055,4.5807
208,25.0000,25.0000,38.6318,18.1889,14.3759
209,25.0000,30.0000,31.5119,33.4453,6.5208
210,25.0000,35.0000,19.2844,48.2902,13.9495
211,25.0000,40.0000,17.0994,36.6911,7.0206
212,25.0000,45.0000,27.1829,34.4696,10.6622
213,25.0000,50.0000,24.4014,42.5414,7.4700
214,25.0000,55.0000,31.2309,36.1021,19.3763
215,25.0000,60.0000,26.9238,34.1199,25.9108
216,25.0000,65.0000,1.3285,-1.7845,68.9828
217,25.0000,70.0000,4.4053,-3.4862,74.7857
218,25.0000,75.0000,45.3582,-37.2712,113.0701
219,25.0000,80.0000,129.8559,-65.5184,156.1657
220,25.0000,85.0000,84.5503,-85.1816,171.4799
221,25.0000,90.0000,23.2304,-90.0000,180.0000
223,30.0000,-85.0000,32.6871,-77.6185,7.3907
225,30.0000,-75.0000,46.7732,-81.3643,7.1683
227,30.0000,-65.0000,35.5936,-63.5568,2.8228
229,30.0000,-55.0000,42.5362,-43.4473,14.1138
231,30.0000,-45.0000,28.9929,-47.0475,2.1636
233,30.0000,-35.0000,26.0699,-24.5976,10.9442
235,30.0000,-25.0000,37.5250,-19.0513,9.1637
237,30.0000,-15.0000,13.9429,-14.2650,15.5503
239,30.0000,-5.0000,15.7749,-10.5267,15.1335
241,30.0000,5.0000,42.9035,-7.0800,17.6565
243,30.0000,15.0000,30.2240,-8.0787,23.0798
245,30.0000,25.0000,39.5349,17.1113,11.8830
247,30.0000,35.0000,53.6780,44.0858,20.2949
249,30.0000,45.0000,39.8828,41.3814,8.0554
251,30.0000,55.0000,33.2600,62.6647,7.8456
253,30.0000,65.0000,30.5177,58.3389,6.6656
255,30.0000,75.0000,54.3646,69.8178,8.9000
257,30.0000,85.0000,47.6515,71.9875,13.3315
259,35.0000,-90.0000,36.0079,-79.2476,10.7524
260,35.0000,-85.0000,63.1751,-80.6494,5.4734
261,35.0000,-80.0000,56.7841,-78.7679,4.1694
262,35.0000,-75.0000,100.1658,-73.2926,16.9813
263,35.0000,-70.0000,76.3620,-62.3193,17.9372
264,35.0000,-65.0000,58.2131,-47.9155,21.1018
265,35.0000,-60.0000,65.2869,-57.8908,15.6244
266,35.0000,-55.0000,66.2370,-37.3380,27.5322
267,35.0000,-50.0000,50.0580,-42.4551,12.8236
268,35.0000,-45.0000,37.5161,-28.2071,16.9116
269,35.0000,-40.0000,34.3272,-21.6639,18.3450
270,35.0000,-35.0000,44.1299,-20.9837,16.1498
271,35.0000,-30.0000,29.5586,-16.9333,13.9814
272,35.0000,-25.0000,35.6108,-5.4208,19.5880
273,35.0000,-20.0000,39.6316,-12.7912,8.4662
274,35.0000,-15.0000,36.7656,-5.5905,9.5681
275,35.0000,-10.0000,46.1575,-14.2017,11.6874
276,35.0000,-5.0000,36.3262,-6.4667,1.9728
277,35.0000,0.0000,33.5176,7.0933,7.2457
278,35.0000,5.0000,47.5010,-10.7689,20.0884
279,35.0000,10.0000,63.0535,-3.1780,30.8918
280,35.0000,15.0000,22.4505,2.9989,17.2349
281,35.0000,20.0000,29.2338,8.0401,13.1985
282,35.0000,25.0000,37.4773,13.6797,11.5581
283,35.0000,30.0000,54.0006,28.3617,16.6506
284,35.0000,35.0000,62.6321,19.9121,28.6358
285,35.0000,40.0000,61.7598,36.2780,21.2904
286,35.0000,45.0000,63.6683,39.8503,21.6561
287,35.0000,50.0000,55.0831,34.2331,21.5555
288,35.0000,55.0000,49.7921,60.3320,9.5075
289,35.0000,60.0000,54.1952,62.7837,9.5619
290,35.0000,65.0000,42.5654,63.2886,3.7136
291,35.0000,70.0000,51.7837,67.4461,6.5771
292,35.0000,75.0000,35.6184,78.4171,3.4201
293,35.0000,80.0000,32.6061,86.1104,6.1160
294,35.0000,85.0000,28.5939,88.6553,3.6668
295,35.0000,90.0000,30.6008,90.0000,0.0000
297,40.0000,-85.0000,77.5780,-83.7796,3.7892
299,40.0000,-75.0000,109.9758,-74.8057,17.1789
301,40.0000,-65.0000,58.3157,-43.9549,23.3812
303,40.0000,-55.0000,46.2710,-44.6968,11.0575
305,40.0000,-45.0000,47.8138,-38.0680,9.0610
307,40.0000,-35.0000,45.1997,-30.9537,5.9479
309,40.0000,-25.0000,57.0444,-14.5092,19.1354
311,40.0000,-15.0000,37.3145,-11.2137,4.6015
313,40.0000,-5.0000,33.4771,5.3967,12.2688
315,40.0000,5.0000,47.0677,-2.5935,10.3690
317,40.0000,15.0000,43.4194,13.5177,3.6303
319,40.0000,25.0000,38.6990,13.5448,11.5206
321,40.0000,35.0000,57.5121,25.6157,17.7523
323,40.0000,45.0000,34.7708,37.5771,8.3942
325,40.0000,55.0000,31.8925,55.9221,4.6854
327,40.0000,65.0000,27.3126,60.6056,7.2544
329,40.0000,75.0000,39.4788,75.0761,0.1543
331,40.0000,85.0000,30.1150,90.0000,5.0000
333,45.0000,-90.0000,91.2804,-75.7742,14.2258
334,45.0000,-85.0000,94.2764,-84.5876,4.3521
335,45.0000,-80.0000,95.7340,-72.4263,13.5831
336,45.0000,-75.0000,85.6090,-67.1071,14.9217
337,45.0000,-70.0000,72.3298,-53.5798,20.5202
338,45.0000,-65.0000,44.3556,-54.2063,10.7985
339,45.0000,-60.0000,49.0323,-64.5729,4.9401
340,45.0000,-55.0000,52.5547,-54.8848,4.3388
341,45.0000,-50.0000,78.0726,-42.5102,23.8372
342,45.0000,-45.0000,52.1705,-45.1239,5.0647
343,45.0000,-40.0000,89.0592,-38.3604,33.8422
344,45.0000,-35.0000,91.2981,-40.9367,36.5473
345,45.0000,-30.0000,65.1875,-31.6783,17.3893
346,45.0000,-25.0000,69.3113,-14.5455,25.0950
347,45.0000,-20.0000,50.5197,-19.2902,5.2463
348,45.0000,-15.0000,48.6553,-21.9284,7.7462
349,45.0000,-10.0000,47.0696,-17.5592,7.8214
350,45.0000,-5.0000,35.7667,0.6190,10.7997
351,45.0000,0.0000,44.6801,-5.4634,5.4727
352,45.0000,5.0000,54.6346,-4.6567,13.6329
353,45.0000,10.0000,63.0308,-6.6922,24.5184
354,45.0000,15.0000,56.0753,0.3830,18.2599
355,45.0000,20.0000,66.5224,6.9059,24.6388
356,45.0000,25.0000,67.1081,15.4026,22.8151
357,45.0000,30.0000,60.3159,5.1094,28.7797
358,45.0000,35.0000,60.9312,19.6867,20.7923
359,45.0000,40.0000,35.9869,34.1407,9.2676
360,45.0000,45.0000,35.1645,31.6709,15.3738
361,45.0000,50.0000,38.4942,29.7326,20.8538
362,45.0000,55.0000,49.3745,37.6369,17.6153
363,45.0000,60.0000,66.8121,35.0755,28.6496
364,45.0000,65.0000,72.6937,11.0467,57.2531
365,45.0000,70.0000,63.3932,20.3333,50.8872
366,45.0000,75.0000,54.2403,57.8158,17.5278
367,45.0000,80.0000,59.8286,71.4678,9.2150
368,45.0000,85.0000,43.2892,83.1557,1.8526
369,45.0000,90.0000,39.7668,86.8084,3.1916
371,50.0000,-85.0000,33.8286,-87.7733,2.9277
373,50.0000,-75.0000,50.0695,-73.3632,1.6369
375,50.0000,-65.0000,62.7388,-49.3842,16.9977
377,50.0000,-55.0000,63.9954,-48.3778,10.8817
379,50.0000,-45.0000,50.1826,-39.3062,5.6954
381,50.0000,-35.0000,51.5860,-37.4656,2.7776
383,50.0000,-25.0000,58.6849,-24.0223,7.9610
385,50.0000,-15.0000,50.0881,-18.5706,3.5716
387,50.0000,-5.0000,37.9789,-10.5610,13.1398
389,50.0000,5.0000,49.4686,-4.4062,9.4212
391,50.0000,15.0000,62.6403,28.2913,17.7118
393,50.0000,25.0000,52.4615,33.7041,8.9637
395,50.0000,35.0000,60.5015,34.7094,8.6185
397,50.0000,45.0000,47.4623,39.1154,6.1780
399,50.0000,55.0000,57.1678,55.2621,4.1044
401,50.0000,65.0000,54.3997,58.8440,6.4912
403,50.0000,75.0000,48.1530,74.6890,0.5745
405,50.0000,85.0000,38.1201,86.6321,1.8395
407,55.0000,-90.0000,53.3763,-84.6087,5.3914
408,55.0000,-85.0000,58.2755,-81.3717,3.6476
409,55.0000,-80.0000,77.2848,-73.6690,8.0056
410,55.0000,-75.0000,57.5359,-68.7508,6.2974
411,55.0000,-70.0000,63.8364,-59.6093,11.0240
412,55.0000,-65.0000,59.9100,-52.2099,13.0338
413,55.0000,-60.0000,54.6232,-58.6896,1.3244
414,55.0000,-55.0000,59.4839,-50.6841,5.0929
415,55.0000,-50.0000,42.1612,-47.9588,8.6583
416,55.0000,-45.0000,55.7831,-37.3489,7.6736
417,55.0000,-40.0000,59.4962,-40.3599,3.4536
418,55.0000,-35.0000,64.1072,-30.5643,8.8430
419,55.0000,-30.0000,65.6132,-27.6023,9.6002
420,55.0000,-25.0000,68.5029,-13.7275,16.9868
421,55.0000,-20.0000,64.7628,-21.0926,9.2053
422,55.0000,-15.0000,53.6860,-19.6636,4.8292
423,55.0000,-10.0000,54.7948,-19.3626,9.3647
424,55.0000,-5.0000,53.1799,-11.0539,6.3162
425,55.0000,0.0000,70.2514,5.8004,16.2927
426,55.0000,5.0000,65.6256,1.7728,11.0857
427,55.0000,10.0000,68.4160,24.5836,19.3792
428,55.0000,15.0000,61.1296,20.7225,8.1697
429,55.0000,20.0000,69.2576,31.5631,17.2457
430,55.0000,25.0000,56.8749,29.1357,4.4598
431,55.0000,30.0000,52.0774,30.3053,2.5455
432,55.0000,35.0000,63.4831,38.9923,7.8589
433,55.0000,40.0000,57.4163,40.2719,1.8671
434,55.0000,45.0000,54.5551,42.8122,2.2112
435,55.0000,50.0000,66.7313,45.7317,8.9390
436,55.0000,55.0000,56.7632,54.7995,1.0334
437,55.0000,60.0000,61.1588,59.0339,3.2688
438,55.0000,65.0000,58.7147,61.7140,3.6827
439,55.0000,70.0000,59.0443,63.5043,6.6854
440,55.0000,75.0000,59.4506,72.6178,2.6845
441,55.0000,80.0000,66.6390,80.6227,2.0513
442,55.0000,85.0000,47.4699,90.0000,5.0000
443,55.0000,90.0000,74.9596,89.8934,0.1065
445,60.0000,-85.0000,75.4712,-79.4705,5.8627
447,60.0000,-75.0000,43.1147,-75.3259,4.3213
449,60.0000,-65.0000,56.8566,-56.2995,8.8332
451,60.0000,-55.0000,69.5893,-48.5454,8.7523
453,60.0000,-45.0000,60.4837,-37.7127,7.2962
455,60.0000,-35.0000,67.6650,-34.9465,6.2795
457,60.0000,-25.0000,67.0854,-19.6428,8.4620
459,60.0000,-15.0000,56.5828,-16.1819,3.4971
461,60.0000,-5.0000,59.2010,-7.2891,2.4230
463,60.0000,5.0000,80.9238,5.2336,20.8408
465,60.0000,15.0000,60.6137,18.6375,3.6846
467,60.0000,25.0000,53.6792,24.5307,5.7581
469,60.0000,35.0000,54.7308,27.9775,8.3335
471,60.0000,45.0000,52.8480,37.7040,9.0504
473,60.0000,55.0000,56.8703,54.9647,1.7960
475,60.0000,65.0000,57.9309,58.2624,6.8080
477,60.0000,75.0000,53.1150,75.2781,1.7865
479,60.0000,85.0000,48.8109,84.5676,1.1032
481,65.0000,-90.0000,41.9030,-90.0000,0.0000
482,65.0000,-85.0000,90.5769,-75.5675,10.1497
483,65.0000,-80.0000,45.0133,-80.0577,3.4442
484,65.0000,-75.0000,50.2962,-66.7109,9.5290
485,65.0000,-70.0000,51.7590,-61.1166,10.3869
486,65.0000,-65.0000,54.3330,-58.0429,8.5941
487,65.0000,-60.0000,50.6161,-63.4044,7.5988
488,65.0000,-55.0000,62.9572,-51.3338,3.8649
489,65.0000,-50.0000,55.1521,-48.3309,6.6466
490,65.0000,-45.0000,57.0145,-41.3158,6.8875
491,65.0000,-40.0000,63.5797,-32.3508,7.7343
492,65.0000,-35.0000,64.7150,-33.0581,1.9562
493,65.0000,-30.0000,66.7253,-28.2236,2.3296
494,65.0000,-25.0000,78.7228,-13.7460,17.1295
495,65.0000,-20.0000,56.5487,-33.1847,15.1817
496,65.0000,-15.0000,50.6157,-21.4474,15.0958
497,65.0000,-10.0000,75.8638,-19.2795,14.0100
498,65.0000,-5.0000,75.9304,-2.0373,11.3036
499,65.0000,0.0000,66.7538,3.3233,3.7572
500,65.0000,5.0000,75.8646,6.5984,10.9260
501,65.0000,10.0000,62.1169,6.7411,4.3306
502,65.0000,15.0000,64.6450,14.6547,0.4872
503,65.0000,20.0000,44.6259,12.7181,20.8381
504,65.0000,25.0000,51.3734,19.6481,13.6840
505,65.0000,30.0000,59.3701,26.3600,6.1528
506,65.0000,35.0000,49.0936,18.8194,21.4558
507,65.0000,40.0000,53.9750,26.2387,16.5415
508,65.0000,45.0000,65.1104,31.4340,13.5663
509,65.0000,50.0000,56.9038,39.5932,11.8711
510,65.0000,55.0000,56.7055,55.0476,4.7522
511,65.0000,60.0000,60.2643,67.2394,7.5337
512,65.0000,65.0000,56.7901,61.3017,5.2294
513,65.0000,70.0000,56.3158,72.3672,3.6614
514,65.0000,75.0000,53.0059,84.4759,9.6634
515,65.0000,80.0000,58.1784,89.4994,9.5031
516,65.0000,85.0000,46.8824,90.0000,5.0000
517,65.0000,90.0000,60.0633,90.0000,0.0000
519,70.0000,-85.0000,81.9215,-54.0939,31.0289
521,70.0000,-75.0000,36.4985,-79.6928,8.5238
523,70.0000,-65.0000,70.4910,-58.3910,6.6130
525,70.0000,-55.0000,59.8405,-45.7011,11.3107
527,70.0000,-45.0000,57.1781,-45.7673,9.0284
529,70.0000,-35.0000,72.2603,-35.8167,2.0151
531,70.0000,-25.0000,59.1710,-26.1364,9.8315
533,70.0000,-15.0000,66.7828,-6.5674,9.0043
535,70.0000,-5.0000,74.1383,-3.4791,4.3983
537,70.0000,5.0000,70.9664,-5.6242,10.6680
539,70.0000,15.0000,71.7879,19.7906,5.0852
541,70.0000,25.0000,61.6674,13.7991,13.6730
543,70.0000,35.0000,65.0116,29.5131,6.9188
545,70.0000,45.0000,67.0056,34.7606,10.4919
547,70.0000,55.0000,71.9081,55.9055,1.4109
549,70.0000,65.0000,74.8777,69.5402,4.9122
551,70.0000,75.0000,82.0187,75.8952,3.1434
553,70.0000,85.0000,72.6981,81.6880,3.3258
555,75.0000,-90.0000,90.8681,-20.4056,69.5944
556,75.0000,-85.0000,87.6705,-29.9144,55.2141
557,75.0000,-80.0000,83.7760,-62.7302,17.4487
558,75.0000,-75.0000,79.5088,-66.1697,8.9502
559,75.0000,-70.0000,104.2776,-59.6209,15.9415
560,75.0000,-65.0000,81.5394,-46.7722,18.5697
561,75.0000,-60.0000,61.1232,-46.7047,15.5941
562,75.0000,-55.0000,88.5977,-17.8655,38.5634
563,75.0000,-50.0000,87.8956,-43.7948,10.7535
564,75.0000,-45.0000,90.7135,-18.9287,29.1613
565,75.0000,-40.0000,99.2079,-19.9535,28.8251
566,75.0000,-35.0000,74.2780,-27.5648,7.4606
567,75.0000,-30.0000,60.9545,-33.4792,12.4296
568,75.0000,-25.0000,64.7976,-21.4201,10.0328
569,75.0000,-20.0000,82.4782,-16.7340,7.8111
570,75.0000,-15.0000,77.4735,-11.7985,4.0046
571,75.0000,-10.0000,89.0174,-0.6722,16.7733
572,75.0000,-5.0000,90.5233,-5.5366,15.4666
573,75.0000,0.0000,86.5825,5.9617,13.0081
574,75.0000,5.0000,80.7408,0.0635,7.5658
575,75.0000,10.0000,82.6105,17.7443,10.6987
576,75.0000,15.0000,107.0256,19.1643,30.8511
577,75.0000,20.0000,76.1790,15.3083,4.8242
578,75.0000,25.0000,86.4893,18.6208,12.4197
579,75.0000,30.0000,86.7237,21.4755,13.5562
580,75.0000,35.0000,79.8484,30.9789,5.7174
581,75.0000,40.0000,84.2612,29.5716,12.8908
582,75.0000,45.0000,76.5607,26.5822,18.4603
583,75.0000,50.0000,64.7905,39.7322,12.5364
584,75.0000,55.0000,57.6079,45.6426,14.4513
585,75.0000,60.0000,64.3535,50.6729,11.0905
586,75.0000,65.0000,73.9891,59.4766,5.5433
587,75.0000,70.0000,73.1382,66.1874,3.8749
588,75.0000,75.0000,91.4905,68.9977,7.8193
589,75.0000,80.0000,77.5065,76.6905,3.3473
590,75.0000,85.0000,81.0313,74.7658,10.2750
591,75.0000,90.0000,65.7639,81.2874,8.7126
593,80.0000,-85.0000,80.5095,-74.0073,10.9929
595,80.0000,-75.0000,83.9936,-61.2844,13.7884
597,80.0000,-65.0000,65.0279,-58.7039,9.4198
599,80.0000,-55.0000,91.3965,-44.9265,12.4253
601,80.0000,-45.0000,92.8502,-38.0740,11.8296
603,80.0000,-35.0000,77.2243,-31.8231,3.9316
605,80.0000,-25.0000,74.5115,-32.8287,9.1813
607,80.0000,-15.0000,74.5546,-16.3084,5.4039
609,80.0000,-5.0000,77.4187,-2.0236,3.9365
611,80.0000,5.0000,76.5436,-12.2330,17.5722
613,80.0000,15.0000,83.1100,18.3141,4.4562
615,80.0000,25.0000,90.5683,13.7282,15.0330
617,80.0000,35.0000,86.0962,11.5216,24.1228
619,80.0000,45.0000,86.1642,32.9771,12.9324
621,80.0000,55.0000,86.0654,38.4047,17.0929
623,80.0000,65.0000,83.3508,57.1048,8.0572
625,80.0000,75.0000,77.6619,64.6138,10.4155
627,80.0000,85.0000,58.4027,79.1797,6.4368
629,85.0000,-90.0000,65.4713,-50.1722,39.8278
630,85.0000,-85.0000,77.4686,-44.5334,40.5139
631,85.0000,-80.0000,81.7034,-78.4737,1.6452
632,85.0000,-75.0000,84.0313,-65.5294,9.4759
633,85.0000,-70.0000,76.6292,-63.1149,7.6323
634,85.0000,-65.0000,86.1703,-45.7955,19.2152
635,85.0000,-60.0000,82.5911,-49.4361,10.6533
636,85.0000,-55.0000,89.3599,-45.0613,10.3206
637,85.0000,-50.0000,80.6474,-46.3689,4.6467
638,85.0000,-45.0000,69.4147,-48.7484,11.2698
639,85.0000,-40.0000,63.0874,-3.9295,41.1421
640,85.0000,-35.0000,62.3608,-12.9526,30.0760
641,85.0000,-30.0000,63.9862,-22.0267,20.4560
642,85.0000,-25.0000,65.0800,-18.3240,19.6535
643,85.0000,-20.0000,85.4601,-23.2903,3.3179
644,85.0000,-15.0000,70.9052,-18.9182,14.0337
645,85.0000,-10.0000,85.5047,-12.0533,2.1122
646,85.0000,-5.0000,73.5697,8.0922,17.3607
647,85.0000,0.0000,82.8635,2.1285,3.0155
648,85.0000,5.0000,72.7552,-5.9737,16.4283
649,85.0000,10.0000,71.4216,-0.3899,17.0443
650,85.0000,15.0000,76.9142,11.7780,8.4989
651,85.0000,20.0000,86.8571,19.8796,1.7499
652,85.0000,25.0000,73.8031,29.5800,10.9467
653,85.0000,30.0000,90.7077,22.5998,8.9932
654,85.0000,35.0000,90.6466,29.9834,6.9147
655,85.0000,40.0000,80.5151,21.7969,18.5984
656,85.0000,45.0000,81.3748,25.5254,19.6929
657,85.0000,50.0000,85.2776,35.1614,14.8400
658,85.0000,55.0000,90.9642,22.2770,33.0263
659,85.0000,60.0000,84.8640,40.9775,19.0227
660,85.0000,65.0000,69.5783,51.8231,15.3632
661,85.0000,70.0000,78.4540,69.4933,2.3208
662,85.0000,75.0000,93.8710,67.2992,8.1959
663,85.0000,80.0000,81.6602,77.3706,2.7087
664,85.0000,85.0000,73.0138,83.0048,2.3453
665,85.0000,90.0000,83.7752,90.0000,0.0000
667,90.0000,-85.0000,89.7914,-59.8227,25.1773
669,90.0000,-75.0000,93.3535,-67.1852,7.8868
671,90.0000,-65.0000,87.7297,-60.1228,4.9873
673,90.0000,-55.0000,89.6102,-52.3624,2.6477
675,90.0000,-45.0000,79.1851,-41.6740,8.5315
677,90.0000,-35.0000,98.5266,-40.4018,8.6353
679,90.0000,-25.0000,89.8764,-29.9379,4.9391
681,90.0000,-15.0000,83.8062,-10.0972,7.7821
683,90.0000,-5.0000,96.9291,-9.7432,8.3481
685,90.0000,5.0000,67.3465,10.2863,23.0554
687,90.0000,15.0000,72.5780,1.9674,21.5719
689,90.0000,25.0000,88.5272,12.5009,12.5763
691,90.0000,35.0000,85.8167,17.8773,17.5224
693,90.0000,45.0000,88.5490,38.6910,6.4006
695,90.0000,55.0000,83.7275,55.5950,3.6189
697,90.0000,65.0000,91.2076,61.6484,3.3950
699,90.0000,75.0000,94.8992,65.7025,9.4345
701,90.0000,85.0000,75.8524,73.1049,12.1068
703,95.0000,-90.0000,83.7441,-68.5626,21.4374
704,95.0000,-85.0000,77.1102,-72.6845,12.6480
705,95.0000,-80.0000,55.6132,-70.5857,13.2393
706,95.0000,-75.0000,94.9595,-73.2210,1.7790
707,95.0000,-70.0000,108.5534,-70.1183,4.6144
708,95.0000,-65.0000,116.0076,-71.4419,10.0204
709,95.0000,-60.0000,104.4919,-71.7474,12.3362
710,95.0000,-55.0000,108.1697,-63.6719,10.9246
711,95.0000,-50.0000,92.1342,-44.4316,5.8977
712,95.0000,-45.0000,92.1001,-36.7044,8.5791
713,95.0000,-40.0000,93.2072,-37.8913,2.5278
714,95.0000,-35.0000,107.2673,-45.6271,14.1244
715,95.0000,-30.0000,105.5688,-35.4491,10.4187
716,95.0000,-25.0000,101.2227,-29.4779,7.1153
717,95.0000,-20.0000,84.2881,-27.9043,12.5708
718,95.0000,-15.0000,94.9958,-24.3848,9.3848
719,95.0000,-10.0000,99.7699,-19.7237,10.7584
720,95.0000,-5.0000,101.4943,-16.9186,13.5108
721,95.0000,0.0000,62.8956,-7.6842,32.9154
722,95.0000,5.0000,64.6362,-8.4655,33.1382
723,95.0000,10.0000,71.4600,6.1529,23.6141
724,95.0000,15.0000,88.1540,11.9953,7.3026
725,95.0000,20.0000,99.5594,19.4208,4.3310
726,95.0000,25.0000,78.9893,7.7651,23.0352
727,95.0000,30.0000,75.6323,22.9768,18.6703
728,95.0000,35.0000,81.6005,27.4852,13.6807
729,95.0000,40.0000,105.9237,32.8376,11.3235
730,95.0000,45.0000,79.6112,35.9916,14.7258
731,95.0000,50.0000,95.0899,43.2027,6.7975
732,95.0000,55.0000,80.4344,46.4360,12.5397
733,95.0000,60.0000,105.5850,57.1812,6.1852
734,95.0000,65.0000,93.7321,55.8171,9.2038
735,95.0000,70.0000,100.3192,66.1428,4.3350
736,95.0000,75.0000,38.9445,53.7705,30.1646
737,95.0000,80.0000,59.2546,73.6812,10.0245
738,95.0000,85.0000,45.7242,79.3639,8.2807
739,95.0000,90.0000,81.4880,90.0000,0.0000
741,100.0000,-85.0000,86.5193,-78.7485,6.4934
743,100.0000,-75.0000,100.8281,-67.8846,7.1201
745,100.0000,-65.0000,102.0157,-60.8939,4.2066
747,100.0000,-55.0000,104.0021,-55.7374,2.3905
749,100.0000,-45.0000,87.4751,-42.4070,9.4075
751,100.0000,-35.0000,97.5687,-29.4784,5.8915
753,100.0000,-25.0000,102.8177,-27.2109,3.3599
755,100.0000,-15.0000,92.1288,-9.8611,9.2435
757,100.0000,-5.0000,100.8998,-7.3889,2.5509
759,100.0000,5.0000,85.7728,-5.3791,17.5950
761,100.0000,15.0000,93.7161,21.1766,8.5896
763,100.0000,25.0000,74.4112,24.6318,23.1943
765,100.0000,35.0000,86.6047,22.0803,17.4395
767,100.0000,45.0000,89.9583,47.5462,7.3867
769,100.0000,55.0000,89.2004,42.2927,14.5356
771,100.0000,65.0000,76.8808,51.7379,17.7656
773,100.0000,75.0000,106.8918,61.4612,13.7558
775,100.0000,85.0000,97.8990,76.1214,8.8838
777,105.0000,-90.0000,104.4562,-78.9516,11.0484
778,105.0000,-85.0000,75.8925,-30.4714,55.1933
779,105.0000,-80.0000,90.9640,-45.6823,34.6840
780,105.0000,-75.0000,90.1916,-43.5191,32.1583
781,105.0000,-70.0000,113.2530,-40.5964,29.7160
782,105.0000,-65.0000,114.8940,-58.6359,7.8764
783,105.0000,-60.0000,105.3168,-54.2311,5.7714
784,105.0000,-55.0000,104.0824,-61.8290,6.8457
785,105.0000,-50.0000,111.4503,-47.5987,4.8780
786,105.0000,-45.0000,102.5745,-30.4531,14.6709
787,105.0000,-40.0000,99.5548,-29.1639,11.7205
788,105.0000,-35.0000,103.1388,-30.0265,5.2150
789,105.0000,-30.0000,109.0121,-26.1574,5.2236
790,105.0000,-25.0000,96.4324,-27.0942,7.9752
791,105.0000,-20.0000,93.9531,-17.3766,10.7855
792,105.0000,-15.0000,94.5242,-10.3370,11.2306
793,105.0000,-10.0000,106.6810,-6.6551,3.7355
794,105.0000,-5.0000,108.4629,5.7452,11.2879
795,105.0000,0.0000,88.7482,0.5562,16.2611
796,105.0000,5.0000,84.5986,1.2570,20.7081
797,105.0000,10.0000,103.0016,12.4376,3.1279
798,105.0000,15.0000,69.2997,12.8934,34.6758
799,105.0000,20.0000,102.1668,22.0879,3.3689
800,105.0000,25.0000,72.6608,13.7734,32.3992
801,105.0000,30.0000,112.9240,14.6491,16.9965
802,105.0000,35.0000,76.7373,31.2440,23.8849
803,105.0000,40.0000,90.2098,40.0220,11.3151
804,105.0000,45.0000,85.7689,40.0675,14.9614
805,105.0000,50.0000,98.7467,41.7490,9.3213
806,105.0000,55.0000,81.7283,29.1864,30.7423
807,105.0000,60.0000,112.2044,50.0887,10.7216
808,105.0000,65.0000,116.0345,35.6049,30.1283
809,105.0000,70.0000,118.1959,64.7746,7.2544
810,105.0000,75.0000,111.4680,68.5986,6.7032
811,105.0000,80.0000,126.7159,85.8089,6.2982
812,105.0000,85.0000,120.2824,87.9119,3.0359
813,105.0000,90.0000,143.9819,73.6544,16.3456
815,110.0000,-85.0000,114.5057,-41.9391,43.0777
817,110.0000,-75.0000,121.5928,-33.8782,41.5022
819,110.0000,-65.0000,122.4198,-55.6157,11.1774
821,110.0000,-55.0000,111.9228,-58.3604,3.5221
823,110.0000,-45.0000,110.8014,-51.4719,6.4937
825,110.0000,-35.0000,111.7364,-36.7300,2.2299
827,110.0000,-25.0000,101.4269,-22.7632,8.1500
829,110.0000,-15.0000,114.8653,-21.9980,8.3800
831,110.0000,-5.0000,127.8786,-21.3077,23.8015
833,110.0000,5.0000,106.2159,-1.2097,7.2698
835,110.0000,15.0000,91.5923,17.7389,17.8645
837,110.0000,25.0000,115.5406,7.7744,18.0196
839,110.0000,35.0000,113.9598,36.3721,3.4963
841,110.0000,45.0000,106.1777,20.5123,24.6906
843,110.0000,55.0000,99.5145,42.3481,14.3869
845,110.0000,65.0000,98.8801,67.2414,5.0192
847,110.0000,75.0000,91.2582,64.9380,11.8172
849,110.0000,85.0000,94.1271,65.5060,19.7292
851,115.0000,-90.0000,109.8065,-76.6146,13.3854
852,115.0000,-85.0000,127.0255,-66.7226,18.4149
853,115.0000,-80.0000,133.9536,-65.2296,15.6324
854,115.0000,-75.0000,141.0399,-50.8858,26.3424
855,115.0000,-70.0000,124.3725,-49.9435,20.5417
856,115.0000,-65.0000,129.0279,-61.0725,7.4514
857,115.0000,-60.0000,117.3971,-58.2915,2.1045
858,115.0000,-55.0000,120.0497,-58.0150,4.1034
859,115.0000,-50.0000,114.0610,-52.6868,2.7500
860,115.0000,-45.0000,116.6507,-48.0989,3.3001
861,115.0000,-40.0000,108.7652,-39.5936,4.8065
862,115.0000,-35.0000,116.9793,-47.7617,12.8466
863,115.0000,-30.0000,121.2118,-54.3363,24.7452
864,115.0000,-25.0000,122.4770,-49.1338,24.8309
865,115.0000,-20.0000,125.5262,-44.4058,25.9280
866,115.0000,-15.0000,130.1542,-44.2533,31.9610
867,115.0000,-10.0000,129.7083,-42.8497,35.2703
868,115.0000,-5.0000,128.5917,-42.5853,39.4747
869,115.0000,0.0000,114.4352,-25.7690,25.7748
870,115.0000,5.0000,130.7707,-32.5391,40.4189
871,115.0000,10.0000,140.9630,-22.5942,41.3450
872,115.0000,15.0000,138.9240,-14.5766,37.8724
873,115.0000,20.0000,140.0035,-26.6655,52.5869
874,115.0000,25.0000,131.9592,-28.5813,56.0083
875,115.0000,30.0000,131.3933,-4.8881,38.2615
876,115.0000,35.0000,119.2709,7.9344,27.3479
877,115.0000,40.0000,134.7075,-10.0292,53.2580
878,115.0000,45.0000,121.8857,0.5970,44.8190
879,115.0000,50.0000,121.7976,22.6906,27.8255
880,115.0000,55.0000,116.4013,27.9818,27.0373
881,115.0000,60.0000,117.8174,35.5457,24.5223
882,115.0000,65.0000,93.9211,31.8090,35.6277
883,115.0000,70.0000,61.8752,52.2959,29.6590
884,115.0000,75.0000,55.7585,-1.9595,84.3034
885,115.0000,80.0000,82.3380,24.0186,57.6981
886,115.0000,85.0000,84.6452,29.0480,56.6712
887,115.0000,90.0000,48.4811,-27.3709,117.3709
889,120.0000,-85.0000,121.1029,-84.1294,0.8769
891,120.0000,-75.0000,116.6018,-73.3053,1.9315
893,120.0000,-65.0000,134.5794,-59.8683,8.4438
895,120.0000,-55.0000,121.7951,-60.9052,5.9809
897,120.0000,-45.0000,118.9132,-52.4648,7.4989
899,120.0000,-35.0000,127.2868,-30.7113,7.4705
901,120.0000,-25.0000,118.7381,-34.6223,9.6841
903,120.0000,-15.0000,132.5074,-25.3563,15.6359
905,120.0000,-5.0000,122.9791,-4.3046,3.0497
907,120.0000,5.0000,108.9504,4.7219,11.0132
909,120.0000,15.0000,103.6170,5.2197,18.8425
911,120.0000,25.0000,114.6980,38.0270,13.7819
913,120.0000,35.0000,112.7884,18.0047,18.1644
915,120.0000,45.0000,124.2827,23.6441,21.6387
917,120.0000,55.0000,107.7675,25.8448,30.5052
919,120.0000,65.0000,121.6247,50.7033,14.3216
921,120.0000,75.0000,97.5001,72.9399,6.4990
923,120.0000,85.0000,106.5275,87.9606,3.0538
925,125.0000,-90.0000,147.7450,-90.0000,0.0000
926,125.0000,-85.0000,143.3429,-90.0000,5.0000
927,125.0000,-80.0000,137.0994,-86.5944,6.7078
928,125.0000,-75.0000,127.1358,-86.5437,11.5468
929,125.0000,-70.0000,135.6367,-77.1119,7.6948
930,125.0000,-65.0000,155.4129,-73.2375,13.3665
931,125.0000,-60.0000,148.8557,-73.3088,16.0803
932,125.0000,-55.0000,138.6277,-71.1186,17.1641
933,125.0000,-50.0000,118.1422,-63.6157,14.1045
934,125.0000,-45.0000,123.2334,-42.3263,2.9632
935,125.0000,-40.0000,131.5791,-42.0808,5.3790
936,125.0000,-35.0000,147.3776,-46.8220,20.5152
937,125.0000,-30.0000,130.2047,-38.7164,9.7132
938,125.0000,-25.0000,126.0712,-31.6107,6.6775
939,125.0000,-20.0000,132.0789,-22.6039,7.0893
940,125.0000,-15.0000,136.8251,-19.9550,12.3137
941,125.0000,-10.0000,123.3523,-12.9852,3.3938
942,125.0000,-5.0000,139.2053,-14.2297,16.7589
943,125.0000,0.0000,123.2365,-3.2367,3.6854
944,125.0000,5.0000,106.8180,12.3213,19.3948
945,125.0000,10.0000,98.7374,14.8652,26.0850
946,125.0000,15.0000,77.0983,14.1484,46.2763
947,125.0000,20.0000,104.0394,23.8790,19.8054
948,125.0000,25.0000,107.9697,28.0210,15.5221
949,125.0000,30.0000,117.0421,4.5340,26.5522
950,125.0000,35.0000,116.7793,10.3772,25.7378
951,125.0000,40.0000,90.6839,31.1890,29.0574
952,125.0000,45.0000,109.1107,37.0750,14.3282
953,125.0000,50.0000,125.8290,49.7255,0.6008
954,125.0000,55.0000,127.5513,40.0707,15.0257
955,125.0000,60.0000,149.5262,44.1248,21.6467
956,125.0000,65.0000,176.6216,31.9375,45.4046
957,125.0000,70.0000,146.3780,58.8867,14.2832
958,125.0000,75.0000,353.5072,-7.7072,107.4255
959,125.0000,80.0000,67.8539,55.9933,29.6498
960,125.0000,85.0000,27.0511,61.2795,29.7908
961,125.0000,90.0000,125.8780,85.4678,4.5322
963,130.0000,-85.0000,133.3790,-78.8611,6.1545
965,130.0000,-75.0000,126.6240,-22.7886,52.2414
967,130.0000,-65.0000,135.4600,-74.0559,9.2456
969,130.0000,-55.0000,136.3515,-61.7368,7.5073
971,130.0000,-45.0000,133.0376,-56.8470,11.9977
973,130.0000,-35.0000,133.4098,-32.6923,3.6527
975,130.0000,-25.0000,122.6052,-18.2795,9.6085
977,130.0000,-15.0000,137.5538,-15.3042,7.2972
979,130.0000,-5.0000,137.7770,-7.3114,8.0697
981,130.0000,5.0000,131.9846,-0.1904,5.5560
983,130.0000,15.0000,152.9529,11.7814,22.5482
985,130.0000,25.0000,119.6713,12.4848,15.8669
987,130.0000,35.0000,98.0540,14.1500,35.4900
989,130.0000,45.0000,132.3115,20.9935,24.0820
991,130.0000,55.0000,119.1875,40.3088,16.3538
993,130.0000,65.0000,145.2383,56.1457,11.5342
995,130.0000,75.0000,104.8947,56.8656,20.4522
997,130.0000,85.0000,112.0687,80.9330,4.5744
999,135.0000,-90.0000,128.2702,-84.9219,5.0781
1000,135.0000,-85.0000,170.3290,-90.0000,5.0000
1001,135.0000,-80.0000,148.1953,-82.7494,3.3704
1002,135.0000,-75.0000,143.3578,-88.7724,13.7866
1003,135.0000,-70.0000,158.4933,-68.5973,8.3677
1004,135.0000,-65.0000,148.6013,-75.7467,11.6092
1005,135.0000,-60.0000,145.6981,-70.0810,11.0080
1006,135.0000,-55.0000,146.2443,-61.3006,8.6320
1007,135.0000,-50.0000,129.5997,-50.4265,3.4813
1008,135.0000,-45.0000,130.7745,-45.3338,2.9974
1009,135.0000,-40.0000,128.2945,-28.7193,12.5557
1010,135.0000,-35.0000,140.2724,-25.8799,10.1856
1011,135.0000,-30.0000,130.7834,-15.5759,14.9347
1012,135.0000,-25.0000,124.1861,-18.1500,12.1587
1013,135.0000,-20.0000,125.8326,-11.5965,12.1756
1014,135.0000,-15.0000,129.2137,-0.6334,15.4621
1015,135.0000,-10.0000,140.9481,-9.7249,5.8665
1016,135.0000,-5.0000,150.8458,-10.4724,16.6211
1017,135.0000,0.0000,161.8936,-12.5801,29.4905
1018,135.0000,5.0000,174.0548,-22.6652,47.1360
1019,135.0000,10.0000,141.9643,13.5516,7.6861
1020,135.0000,15.0000,134.8890,23.8239,8.8245
1021,135.0000,20.0000,145.1180,23.1138,9.9089
1022,135.0000,25.0000,160.4199,9.7922,28.5361
1023,135.0000,30.0000,109.7787,27.3229,22.2471
1024,135.0000,35.0000,106.8760,22.3228,27.6064
1025,135.0000,40.0000,130.0647,28.4731,12.2220
1026,135.0000,45.0000,133.0258,21.6273,23.4290
1027,135.0000,50.0000,124.8968,54.3574,7.5628
1028,135.0000,55.0000,98.6266,44.7205,25.2379
1029,135.0000,60.0000,146.5820,59.5382,5.8421
1030,135.0000,65.0000,168.4431,24.0316,46.2776
1031,135.0000,70.0000,141.7941,75.7887,6.1145
1032,135.0000,75.0000,27.7421,32.1077,63.3614
1033,135.0000,80.0000,111.5464,60.8129,20.3717
1034,135.0000,85.0000,31.0451,33.8980,57.4423
1035,135.0000,90.0000,105.3483,82.9040,7.0960
1037,140.0000,-85.0000,142.6480,-87.3649,2.3708
1039,140.0000,-75.0000,138.8795,-62.8589,12.1472
1041,140.0000,-65.0000,153.3881,-76.4095,12.1664
1043,140.0000,-55.0000,147.6915,-59.0818,5.8389
1045,140.0000,-45.0000,142.7065,-58.4321,13.5335
1047,140.0000,-35.0000,135.5348,-30.0818,6.1916
1049,140.0000,-25.0000,139.3062,-31.7681,6.7955
1051,140.0000,-15.0000,131.8865,-5.2065,12.6310
1053,140.0000,-5.0000,164.7186,-4.5416,24.6358
1055,140.0000,5.0000,83.0612,-3.9832,57.5821
1057,140.0000,15.0000,160.0114,21.9892,20.1999
1059,140.0000,25.0000,171.2854,30.0503,28.1098
1061,140.0000,35.0000,116.5657,23.3918,23.4319
1063,140.0000,45.0000,153.3325,32.2983,16.3787
1065,140.0000,55.0000,116.7593,24.4872,34.9993
1067,140.0000,65.0000,226.6468,-15.8434,102.9235
1069,140.0000,75.0000,71.0037,42.7580,43.6240
1071,140.0000,85.0000,131.4163,69.6353,15.4380
1073,145.0000,-90.0000,142.1054,-90.0000,0.0000
1074,145.0000,-85.0000,140.8123,-85.7303,0.8044
1075,145.0000,-80.0000,147.6720,-67.4604,12.5587
1076,145.0000,-75.0000,153.7393,-59.3835,15.9390
1077,145.0000,-70.0000,131.0610,-68.5784,5.1176
1078,145.0000,-65.0000,139.3941,-74.8409,10.0165
1079,145.0000,-60.0000,126.0818,-62.0639,9.3557
1080,145.0000,-55.0000,179.6678,-47.5361,22.6643
1081,145.0000,-50.0000,171.2488,-30.0384,28.0496
1082,145.0000,-45.0000,138.5358,-37.4049,9.0120
1083,145.0000,-40.0000,146.0194,-41.8143,1.9710
1084,145.0000,-35.0000,130.0129,-27.8323,14.6374
1085,145.0000,-30.0000,141.8330,-25.6056,5.2107
1086,145.0000,-25.0000,141.0699,-29.5114,5.7050
1087,145.0000,-20.0000,127.5829,-13.7765,17.7751
1088,145.0000,-15.0000,127.6629,-24.7251,18.9559
1089,145.0000,-10.0000,153.1340,-5.9140,9.0309
1090,145.0000,-5.0000,204.8085,-15.1589,59.5799
1091,145.0000,0.0000,183.9488,6.1695,39.3575
1092,145.0000,5.0000,106.5902,28.3023,43.2297
1093,145.0000,10.0000,99.4018,13.7234,44.7179
1094,145.0000,15.0000,139.6462,2.1011,13.9386
1095,145.0000,20.0000,156.5172,18.7754,10.9306
1096,145.0000,25.0000,165.1667,23.9136,18.3725
1097,145.0000,30.0000,161.2590,24.7288,15.3534
1098,145.0000,35.0000,133.2867,13.4068,24.0449
1099,145.0000,40.0000,139.7148,37.5479,4.7936
1100,145.0000,45.0000,153.3631,27.0628,19.1438
1101,145.0000,50.0000,142.9991,40.8072,9.2986
1102,145.0000,55.0000,132.4039,39.3274,17.7976
1103,145.0000,60.0000,159.6288,50.6706,12.4459
1104,145.0000,65.0000,210.7747,-51.3455,126.8301
1105,145.0000,70.0000,175.8582,50.1520,24.5535
1106,145.0000,75.0000,278.5558,-51.6809,150.2750
1107,145.0000,80.0000,160.6599,77.0426,4.2710
1108,145.0000,85.0000,120.3825,66.6333,18.9297
1109,145.0000,90.0000,139.7893,90.0000,0.0000
1111,150.0000,-85.0000,146.9139,-89.0429,4.0446
1113,150.0000,-75.0000,161.3906,-60.0247,15.5300
1115,150.0000,-65.0000,146.7519,-49.5445,15.5499
1117,150.0000,-55.0000,166.9163,-58.0394,9.7837
1119,150.0000,-45.0000,155.6223,-45.4893,3.9878
1121,150.0000,-35.0000,155.1366,-37.0891,4.6481
1123,150.0000,-25.0000,163.0610,-33.5603,14.2288
1125,150.0000,-15.0000,143.8991,-34.5118,20.2709
1127,150.0000,-5.0000,175.7675,-21.6294,29.9921
1129,150.0000,5.0000,148.3256,25.4884,20.5512
1131,150.0000,15.0000,146.7700,-0.0341,15.3694
1133,150.0000,25.0000,154.5345,33.1935,9.0983
1135,150.0000,35.0000,121.6710,19.2878,29.5371
1137,150.0000,45.0000,141.4064,37.9440,9.5414
1139,150.0000,55.0000,127.6772,42.2695,19.3332
1141,150.0000,65.0000,95.5077,-42.2261,115.2981
1143,150.0000,75.0000,52.6092,4.8078,87.2613
1145,150.0000,85.0000,120.4082,49.4446,36.2774
1147,155.0000,-90.0000,164.6365,-89.5377,0.4622
1148,155.0000,-85.0000,153.1804,-82.8642,2.1442
1149,155.0000,-80.0000,143.8622,-69.9186,10.4426
1150,155.0000,-75.0000,159.9797,-58.3999,16.7025
1151,155.0000,-70.0000,136.5570,-66.2281,7.7979
1152,155.0000,-65.0000,145.6342,-52.8196,13.0728
1153,155.0000,-60.0000,148.7692,-50.9634,9.6916
1154,155.0000,-55.0000,159.8281,-46.7528,8.7867
1155,155.0000,-50.0000,158.2670,-54.5092,4.9314
1156,155.0000,-45.0000,125.1854,-34.7177,24.9047
1157,155.0000,-40.0000,151.5517,-36.7100,4.2579
1158,155.0000,-35.0000,146.1873,-31.7801,8.0277
1159,155.0000,-30.0000,152.0044,-31.8169,3.1473
1160,155.0000,-25.0000,141.4331,-30.3011,13.1220
1161,155.0000,-20.0000,156.7175,-33.2675,13.3554
1162,155.0000,-15.0000,160.9343,-32.4976,18.3113
1163,155.0000,-10.0000,150.2686,-19.6126,10.6427
1164,155.0000,-5.0000,172.2485,-8.1729,17.4229
1165,155.0000,0.0000,175.0798,17.7459,26.5525
1166,155.0000,5.0000,145.7979,22.3126,19.4668
1167,155.0000,10.0000,143.0473,20.9866,15.9010
1168,155.0000,15.0000,166.3599,15.9414,10.9872
1169,155.0000,20.0000,165.3574,14.2833,11.4241
1170,155.0000,25.0000,177.7471,30.0662,20.7580
1171,155.0000,30.0000,162.5281,28.0454,6.8651
1172,155.0000,35.0000,131.0653,31.9856,20.1373
1173,155.0000,40.0000,148.8849,39.3460,4.7510
1174,155.0000,45.0000,158.5767,35.0691,10.2986
1175,155.0000,50.0000,153.1674,53.4697,3.6503
1176,155.0000,55.0000,128.7611,49.6098,16.8077
1177,155.0000,60.0000,165.3495,67.0814,8.4267
1178,155.0000,65.0000,223.2962,5.0641,76.3684
1179,155.0000,70.0000,167.7469,71.1784,4.3879
1180,155.0000,75.0000,126.8064,54.8880,22.8743
1181,155.0000,80.0000,151.7486,71.8222,8.2128
1182,155.0000,85.0000,142.8842,66.1517,18.9871
1183,155.0000,90.0000,146.3976,84.4465,5.5535
1185,160.0000,-85.0000,180.2560,-81.6970,4.0030
1187,160.0000,-75.0000,175.9598,-67.3753,9.1337
1189,160.0000,-65.0000,162.2414,-66.4985,1.7585
1191,160.0000,-55.0000,165.4222,-58.2434,4.4040
1193,160.0000,-45.0000,155.8622,-33.4853,11.9479
1195,160.0000,-35.0000,157.0413,-37.9654,3.8012
1197,160.0000,-25.0000,163.9637,-31.0009,6.9453
1199,160.0000,-15.0000,160.6355,-19.2681,4.3111
1201,160.0000,-5.0000,155.8503,0.9751,7.2721
1203,160.0000,5.0000,156.1818,7.0250,4.3033
1205,160.0000,15.0000,160.5551,18.6642,3.7026
1207,160.0000,25.0000,180.5104,31.3547,19.1272
1209,160.0000,35.0000,147.5383,33.1826,10.4716
1211,160.0000,45.0000,164.7113,35.3689,10.2768
1213,160.0000,55.0000,144.4387,41.4480,16.9817
1215,160.0000,65.0000,221.0017,-26.2632,102.5510
1217,160.0000,75.0000,172.1757,47.6214,27.8635
1219,160.0000,85.0000,150.2953,70.6721,14.4232
1221,165.0000,-90.0000,179.4973,-74.2950,15.7050
1222,165.0000,-85.0000,160.2232,-73.5016,11.5230
1223,165.0000,-80.0000,167.1255,-67.1284,12.8835
1224,165.0000,-75.0000,174.5168,-69.3649,6.3254
1225,165.0000,-70.0000,167.1864,-70.9195,1.1748
1226,165.0000,-65.0000,169.0385,-60.2465,5.1009
1227,165.0000,-60.0000,171.2658,-61.6114,3.4531
1228,165.0000,-55.0000,179.9011,-47.3447,12.0358
1229,165.0000,-50.0000,160.3553,-55.1352,5.8570
1230,165.0000,-45.0000,165.7462,-44.7147,0.6010
1231,165.0000,-40.0000,164.1282,-47.6934,7.7189
1232,165.0000,-35.0000,153.8020,-46.5801,14.3208
1233,165.0000,-30.0000,162.9153,-42.0655,12.1816
1234,165.0000,-25.0000,173.5747,-31.0675,9.6942
1235,165.0000,-20.0000,167.0384,-27.7094,7.9310
1236,165.0000,-15.0000,161.1022,-30.1644,15.5819
1237,165.0000,-10.0000,161.9355,-15.8031,6.5261
1238,165.0000,-5.0000,147.3214,-14.8531,19.9860
1239,165.0000,0.0000,179.6765,-14.8635,20.7714
1240,165.0000,5.0000,188.8656,-8.8859,27.5484
1241,165.0000,10.0000,195.6462,-0.6099,32.2890
1242,165.0000,15.0000,188.0431,11.7598,22.6390
1243,165.0000,20.0000,164.3441,15.9785,4.0696
1244,165.0000,25.0000,198.5219,29.7339,30.0379
1245,165.0000,30.0000,137.8893,21.2441,25.8867
1246,165.0000,35.0000,154.5267,30.9118,9.6853
1247,165.0000,40.0000,158.2552,43.8020,6.2939
1248,165.0000,45.0000,168.6348,33.6991,11.6419
1249,165.0000,50.0000,166.9845,41.4453,8.6653
1250,165.0000,55.0000,163.6230,41.5615,13.4690
1251,165.0000,60.0000,160.2053,63.3437,4.0420
1252,165.0000,65.0000,192.7421,19.3232,49.2422
1253,165.0000,70.0000,137.7995,69.5520,9.3354
1254,165.0000,75.0000,65.3163,7.5508,85.1947
1255,165.0000,80.0000,143.5479,62.0513,18.9690
1256,165.0000,85.0000,13.4835,15.3923,79.0146
1257,165.0000,90.0000,179.0284,86.9684,3.0316
1259,170.0000,-85.0000,247.9785,-68.9731,20.5488
1261,170.0000,-75.0000,162.1895,-77.1446,2.8474
1263,170.0000,-65.0000,175.2751,-59.4123,6.1003
1265,170.0000,-55.0000,175.4752,-59.9661,5.7684
1267,170.0000,-45.0000,175.6332,-50.4014,6.5949
1269,170.0000,-35.0000,133.2282,-27.1113,32.2792
1271,170.0000,-25.0000,171.4257,-28.6121,3.8295
1273,170.0000,-15.0000,169.8896,-26.9862,11.9867
1275,170.0000,-5.0000,137.2186,-13.9213,33.4974
1277,170.0000,5.0000,154.1555,-5.8211,19.1673
1279,170.0000,15.0000,168.7096,19.9967,5.1459
1281,170.0000,25.0000,168.5999,33.6080,8.6938
1283,170.0000,35.0000,146.6239,22.1888,24.0979
1285,170.0000,45.0000,167.5857,33.9999,11.1553
1287,170.0000,55.0000,148.0363,42.9325,18.6620
1289,170.0000,65.0000,188.0357,20.2189,46.3448
1291,170.0000,75.0000,170.8638,2.1705,72.8313
1293,170.0000,85.0000,165.6386,73.9653,11.0556
1295,175.0000,-90.0000,183.9662,-75.0410,14.9590
1296,175.0000,-85.0000,176.4432,-77.5193,7.4833
1297,175.0000,-80.0000,174.6763,-73.8625,6.1379
1298,175.0000,-75.0000,185.1718,-68.9650,6.7844
1299,175.0000,-70.0000,176.1953,-65.7615,4.2621
1300,175.0000,-65.0000,173.5729,-54.2593,10.7642
1301,175.0000,-60.0000,180.3087,-57.1433,3.9755
1302,175.0000,-55.0000,173.6760,-56.4862,1.6625
1303,175.0000,-50.0000,181.9849,-60.6632,11.3642
1304,175.0000,-45.0000,178.0712,-48.3639,3.9685
1305,175.0000,-40.0000,170.9200,-44.5289,5.4415
1306,175.0000,-35.0000,167.2321,-38.8974,7.3258
1307,175.0000,-30.0000,162.9946,-31.9544,10.4710
1308,175.0000,-25.0000,174.9891,-21.6843,3.3157
1309,175.0000,-20.0000,174.8223,-19.8078,0.2550
1310,175.0000,-15.0000,173.3645,-21.4681,6.6517
1311,175.0000,-10.0000,172.9386,-23.0787,13.2264
1312,175.0000,-5.0000,159.1421,-16.7912,19.5067
1313,175.0000,0.0000,162.3555,-23.2857,26.3283
1314,175.0000,5.0000,150.2324,-10.9163,29.3449
1315,175.0000,10.0000,164.5214,11.7822,10.4421
1316,175.0000,15.0000,164.2287,13.3421,10.5730
1317,175.0000,20.0000,169.7286,22.7118,5.6078
1318,175.0000,25.0000,172.0017,23.0069,3.3871
1319,175.0000,30.0000,116.2610,32.4092,49.6546
1320,175.0000,35.0000,134.8655,23.5753,36.5438
1321,175.0000,40.0000,144.9678,31.9518,25.4599
1322,175.0000,45.0000,162.7183,33.6221,14.7892
1323,175.0000,50.0000,177.0311,44.3020,5.8625
1324,175.0000,55.0000,157.7949,37.9795,20.6147
1325,175.0000,60.0000,162.3510,61.1230,6.3070
1326,175.0000,65.0000,172.1455,25.5438,39.4988
1327,175.0000,70.0000,137.4059,58.1099,19.7755
1328,175.0000,75.0000,171.8966,3.7175,71.3054
1329,175.0000,80.0000,160.3665,68.2687,12.3052
1330,175.0000,85.0000,133.6282,57.6646,28.7532
1331,175.0000,90.0000,145.5878,85.6755,4.3245
1333,180.0000,-85.0000,165.8157,-80.0855,5.2116
1335,180.0000,-75.0000,189.6897,-63.8225,11.6491
1337,180.0000,-65.0000,151.9121,-48.7091,22.0273
1339,180.0000,-55.0000,180.4912,-51.0874,3.9237
1341,180.0000,-45.0000,174.7466,-52.4521,8.2131
1343,180.0000,-35.0000,170.4405,-34.2304,7.9018
1345,180.0000,-25.0000,176.6843,-24.1364,3.1366
1347,180.0000,-15.0000,181.8235,-20.0209,5.3133
1349,180.0000,-5.0000,161.8635,-12.4967,19.4157
1351,180.0000,5.0000,148.1100,-16.2918,38.0550
1353,180.0000,15.0000,188.8227,20.4143,9.9936
1355,180.0000,25.0000,159.4349,22.6323,18.9436
1357,180.0000,35.0000,145.0833,21.3298,33.4556
1359,180.0000,45.0000,157.3602,26.9556,25.5448
1361,180.0000,55.0000,171.1642,47.0128,9.7155
1363,180.0000,65.0000,202.4578,21.4861,45.9422
1365,180.0000,75.0000,188.9218,60.1248,15.2195
1367,180.0000,85.0000,191.7371,63.9395,21.1877
1369,185.0000,-90.0000,89.2686,-73.1959,16.8041
1370,185.0000,-85.0000,135.8333,-74.6503,12.6453
1371,185.0000,-80.0000,156.2719,-83.1709,5.1727
1372,185.0000,-75.0000,176.3520,-60.7724,14.5587
1373,185.0000,-70.0000,144.9185,-65.2561,15.6450
1374,185.0000,-65.0000,150.7843,-66.6093,13.9355
1375,185.0000,-60.0000,157.5762,-67.6658,14.1378
1376,185.0000,-55.0000,154.3084,-45.6156,21.4997
1377,185.0000,-50.0000,151.1508,-35.8623,28.1863
1378,185.0000,-45.0000,152.8783,-46.6976,22.2830
1379,185.0000,-40.0000,101.9945,-29.1052,66.7860
1380,185.0000,-35.0000,155.1213,-21.0073,29.6940
1381,185.0000,-30.0000,140.3575,-8.4638,46.9165
1382,185.0000,-25.0000,156.3615,-14.8631,28.6908
1383,185.0000,-20.0000,161.6663,-7.7918,25.6783
1384,185.0000,-15.0000,174.0103,0.3081,18.7720
1385,185.0000,-10.0000,182.2798,8.4180,18.6161
1386,185.0000,-5.0000,154.0447,6.0935,32.8359
1387,185.0000,0.0000,201.5009,14.9016,22.0939
1388,185.0000,5.0000,161.1401,-4.0202,25.4840
1389,185.0000,10.0000,185.3541,4.0143,5.9960
1390,185.0000,15.0000,188.2652,-16.7681,31.9312
1391,185.0000,20.0000,178.8881,1.6268,19.3202
1392,185.0000,25.0000,189.1903,17.0179,8.8870
1393,185.0000,30.0000,185.0074,15.9344,14.0656
1394,185.0000,35.0000,201.1573,5.7493,32.8285
1395,185.0000,40.0000,39.2759,12.6993,118.4387
1396,185.0000,45.0000,213.8165,10.9360,42.0603
1397,185.0000,50.0000,141.2955,35.8060,34.4090
1398,185.0000,55.0000,172.5510,44.7134,13.0067
1399,185.0000,60.0000,183.6816,58.6043,1.5495
1400,185.0000,65.0000,202.8358,56.9396,11.7515
1401,185.0000,70.0000,191.2489,71.0705,2.3399
1402,185.0000,75.0000,257.8464,29.6218,57.0581
1403,185.0000,80.0000,183.9833,79.2312,0.7903
1404,185.0000,85.0000,180.4492,81.1495,3.8864
1405,185.0000,90.0000,161.2292,53.5999,36.4001
1407,190.0000,-85.0000,186.4535,-86.6145,1.6345
1409,190.0000,-75.0000,188.3203,-63.0180,11.9959
1411,190.0000,-65.0000,192.0225,-69.5944,4.6596
1413,190.0000,-55.0000,190.1392,-49.2010,5.7996
1415,190.0000,-45.0000,188.3975,-43.0598,2.2564
1417,190.0000,-35.0000,166.5772,-15.2919,28.7994
1419,190.0000,-25.0000,173.5730,-25.3757,14.8605
1421,190.0000,-15.0000,190.6716,-16.9737,2.0765
1423,190.0000,-5.0000,178.8364,-1.9613,11.5486
1425,190.0000,5.0000,179.9188,-4.6900,13.9744
1427,190.0000,15.0000,208.1851,-12.8262,33.1412
1429,190.0000,25.0000,205.8477,23.4759,14.5224
1431,190.0000,35.0000,198.7146,14.9465,21.5284
1433,190.0000,45.0000,174.4487,46.1459,10.9283
1435,190.0000,55.0000,184.6631,60.2821,6.0006
1437,190.0000,65.0000,195.4036,66.8106,2.8523
1439,190.0000,75.0000,197.1140,54.9650,20.2254
1441,190.0000,85.0000,197.3923,90.0000,5.0000
1443,195.0000,-90.0000,246.4819,-78.6035,11.3965
1444,195.0000,-85.0000,211.0347,-78.4352,6.8971
1445,195.0000,-80.0000,199.6260,-85.3969,5.4245
1446,195.0000,-75.0000,184.8209,-79.8600,5.3230
1447,195.0000,-70.0000,196.2350,-71.7501,1.7962
1448,195.0000,-65.0000,190.0666,-70.6340,5.9293
1449,195.0000,-60.0000,193.4617,-69.3194,9.3419
1450,195.0000,-55.0000,189.8434,-56.1294,3.1261
1451,195.0000,-50.0000,203.0587,-53.0345,5.8563
1452,195.0000,-45.0000,204.9898,-45.6014,7.0477
1453,195.0000,-40.0000,195.0257,-30.1795,9.8205
1454,195.0000,-35.0000,191.1501,-40.0229,5.8769
1455,195.0000,-30.0000,187.8417,-38.1676,10.0848
1456,195.0000,-25.0000,190.9543,-39.3949,14.7918
1457,195.0000,-20.0000,194.7514,-32.0061,12.0082
1458,195.0000,-15.0000,194.6838,-26.1555,11.1594
1459,195.0000,-10.0000,197.3855,-13.8956,4.5409
1460,195.0000,-5.0000,200.0137,-15.7966,11.8661
1461,195.0000,0.0000,192.8957,-11.2444,11.4371
1462,195.0000,5.0000,195.5323,-13.7335,18.7409
1463,195.0000,10.0000,198.9625,3.4470,7.6426
1464,195.0000,15.0000,209.1067,1.8380,19.1581
1465,195.0000,20.0000,213.0561,-1.9315,28.1906
1466,195.0000,25.0000,226.5964,17.9502,30.1597
1467,195.0000,30.0000,194.9592,29.0763,0.9244
1468,195.0000,35.0000,213.5323,16.2660,25.0089
1469,195.0000,40.0000,187.1829,22.5116,18.7016
1470,195.0000,45.0000,201.2486,38.9153,7.6509
1471,195.0000,50.0000,194.4585,45.1033,4.9103
1472,195.0000,55.0000,186.0486,60.8001,7.4879
1473,195.0000,60.0000,178.2402,62.8894,8.4868
1474,195.0000,65.0000,199.2021,70.8717,6.0767
1475,195.0000,70.0000,198.4584,74.5330,4.6519
1476,195.0000,75.0000,209.2631,71.7204,5.2155
1477,195.0000,80.0000,208.3447,75.4583,5.3260
1478,195.0000,85.0000,222.4286,72.2444,13.5091
1479,195.0000,90.0000,231.8453,78.5536,11.4464
1481,200.0000,-85.0000,203.7218,-89.3563,4.3578
1483,200.0000,-75.0000,190.4339,-80.3095,5.6722
1485,200.0000,-65.0000,197.8819,-59.6093,5.4791
1487,200.0000,-55.0000,204.2098,-50.4575,5.2068
1489,200.0000,-45.0000,222.4932,-42.0520,16.5174
1491,200.0000,-35.0000,207.4312,-28.5591,9.0158
1493,200.0000,-25.0000,205.7378,-25.8509,5.2509
1495,200.0000,-15.0000,200.8669,-12.5309,2.6087
1497,200.0000,-5.0000,209.4635,-15.1301,13.7545
1499,200.0000,5.0000,208.0605,-4.9592,12.8060
1501,200.0000,15.0000,210.8493,6.5437,13.5964
1503,200.0000,25.0000,206.7330,18.9201,8.7119
1505,200.0000,35.0000,209.4082,20.3480,16.8338
1507,200.0000,45.0000,193.2296,34.7795,11.4546
1509,200.0000,55.0000,191.7696,55.8931,4.7497
1511,200.0000,65.0000,205.0398,69.1125,4.5542
1513,200.0000,75.0000,201.2293,70.0548,4.9587
1515,200.0000,85.0000,238.4380,77.7026,8.9306
1517,205.0000,-90.0000,214.5353,-89.5563,0.4437
1518,205.0000,-85.0000,213.0591,-89.7217,4.7246
1519,205.0000,-80.0000,208.9936,-85.7381,5.7560
1520,205.0000,-75.0000,205.3369,-77.3974,2.3987
1521,205.0000,-70.0000,213.1705,-70.5303,2.8071
1522,205.0000,-65.0000,199.3275,-65.9115,2.5254
1523,205.0000,-60.0000,202.4245,-59.2943,1.4804
1524,205.0000,-55.0000,193.7415,-60.0481,7.8578
1525,205.0000,-50.0000,196.3983,-42.0224,9.9525
1526,205.0000,-45.0000,195.6878,-23.5047,22.7942
1527,205.0000,-40.0000,201.9962,-22.7292,17.4572
1528,205.0000,-35.0000,205.9323,-27.8584,7.1857
1529,205.0000,-30.0000,199.0394,-32.1794,5.5491
1530,205.0000,-25.0000,200.9548,-18.1072,7.8511
1531,205.0000,-20.0000,204.0171,-6.6649,13.3692
1532,205.0000,-15.0000,200.3677,-2.3301,13.4687
1533,205.0000,-10.0000,201.2875,-8.5784,3.9299
1534,205.0000,-5.0000,196.8502,-3.6332,8.2405
1535,205.0000,0.0000,193.7067,-4.6763,12.2116
1536,205.0000,5.0000,187.5396,1.7622,17.7256
1537,205.0000,10.0000,191.2668,9.6194,13.5368
1538,205.0000,15.0000,213.8388,8.9529,10.5471
1539,205.0000,20.0000,187.8315,5.9981,21.7754
1540,205.0000,25.0000,198.1067,11.4798,15.0130
1541,205.0000,30.0000,230.8962,18.0568,26.4047
1542,205.0000,35.0000,232.6378,23.1771,26.7649
1543,205.0000,40.0000,178.2825,28.2291,24.9180
1544,205.0000,45.0000,201.6752,35.8449,9.4962
1545,205.0000,50.0000,194.3295,48.3715,7.1552
1546,205.0000,55.0000,191.3940,44.8607,13.3511
1547,205.0000,60.0000,196.3775,51.6232,9.6593
1548,205.0000,65.0000,200.0718,63.6989,2.4978
1549,205.0000,70.0000,203.5069,67.0526,2.9974
1550,205.0000,75.0000,194.6758,68.6255,7.1193
1551,205.0000,80.0000,199.3987,67.2335,12.8494
1552,205.0000,85.0000,215.5785,70.9194,14.1942
1553,205.0000,90.0000,219.3981,73.0109,16.9891
1555,210.0000,-85.0000,215.5076,-81.1023,3.9498
1557,210.0000,-75.0000,222.2589,-71.9784,4.5964
1559,210.0000,-65.0000,221.7803,-56.0204,10.6516
1561,210.0000,-55.0000,207.8986,-54.2738,1.4164
1563,210.0000,-45.0000,221.2125,-42.9255,8.3254
1565,210.0000,-35.0000,213.7966,-33.8686,3.3292
1567,210.0000,-25.0000,212.6042,-28.1345,3.9049
1569,210.0000,-15.0000,214.8522,-17.3731,5.2288
1571,210.0000,-5.0000,221.1338,-5.3526,11.0938
1573,210.0000,5.0000,207.8643,2.2917,3.4463
1575,210.0000,15.0000,216.2663,14.4883,6.0813
1577,210.0000,25.0000,210.1227,29.7977,4.7990
1579,210.0000,35.0000,193.5163,32.6841,13.8688
1581,210.0000,45.0000,198.9510,45.6728,7.7897
1583,210.0000,55.0000,206.8306,53.5066,2.3784
1585,210.0000,65.0000,210.9851,69.8533,4.8678
1587,210.0000,75.0000,205.6095,74.7685,1.1678
1589,210.0000,85.0000,197.7661,83.4524,1.9691
1591,215.0000,-90.0000,235.7671,-90.0000,0.0000
1592,215.0000,-85.0000,240.0584,-83.4173,2.9464
1593,215.0000,-80.0000,229.8213,-79.7603,2.6081
1594,215.0000,-75.0000,226.1049,-76.1712,2.9965
1595,215.0000,-70.0000,234.6018,-75.5284,7.9475
1596,215.0000,-65.0000,236.5974,-71.2598,10.0993
1597,215.0000,-60.0000,221.9114,-58.2443,3.9551
1598,215.0000,-55.0000,219.8928,-58.9775,4.7853
1599,215.0000,-50.0000,216.2085,-52.7721,2.8727
1600,215.0000,-45.0000,228.7394,-55.0636,13.3376
1601,215.0000,-40.0000,231.4597,-52.9586,17.1334
1602,215.0000,-35.0000,228.2746,-33.9971,10.9778
1603,215.0000,-30.0000,224.4239,-28.0235,8.4722
1604,215.0000,-25.0000,215.4384,-26.6725,1.7185
1605,215.0000,-20.0000,218.1898,-16.0237,5.0008
1606,215.0000,-15.0000,215.5062,-19.4638,4.4899
1607,215.0000,-10.0000,211.5147,-6.0989,5.2080
1608,215.0000,-5.0000,208.8716,-0.3088,7.7112
1609,215.0000,0.0000,204.7514,8.3507,13.1917
1610,215.0000,5.0000,212.8476,5.9725,2.3529
1611,215.0000,10.0000,214.3064,1.9844,8.0452
1612,215.0000,15.0000,234.9126,16.2672,19.2102
1613,215.0000,20.0000,222.7209,16.4316,8.1541
1614,215.0000,25.0000,211.4324,26.1569,3.4194
1615,215.0000,30.0000,219.3590,29.0806,3.9019
1616,215.0000,35.0000,201.8085,41.2048,12.0736
1617,215.0000,40.0000,215.2904,38.7559,1.2642
1618,215.0000,45.0000,220.5851,43.6934,4.2013
1619,215.0000,50.0000,220.7260,38.8310,11.8854
1620,215.0000,55.0000,226.0010,50.7639,7.8616
1621,215.0000,60.0000,222.4840,62.3604,4.3073
1622,215.0000,65.0000,219.5239,66.2705,2.2569
1623,215.0000,70.0000,220.7338,68.1226,2.7771
1624,215.0000,75.0000,218.6956,75.1048,0.9588
1625,215.0000,80.0000,223.8360,77.1218,3.3618
1626,215.0000,85.0000,233.7011,89.0060,4.0710
1627,215.0000,90.0000,220.3388,89.6626,0.3375
1629,220.0000,-85.0000,222.2090,-82.8032,2.2089
1631,220.0000,-75.0000,221.9717,-73.5856,1.5115
1633,220.0000,-65.0000,222.2287,-59.4676,5.6281
1635,220.0000,-55.0000,225.3283,-55.2735,3.0573
1637,220.0000,-45.0000,222.1660,-50.9919,6.1640
1639,220.0000,-35.0000,218.7454,-36.3687,1.7063
1641,220.0000,-25.0000,225.9541,-34.7765,11.0496
1643,220.0000,-15.0000,207.8517,-13.1185,11.9317
1645,220.0000,-5.0000,222.0858,-3.9461,2.3313
1647,220.0000,5.0000,218.5706,3.8467,1.8333
1649,220.0000,15.0000,225.4056,19.7108,6.9851
1651,220.0000,25.0000,213.6709,29.4717,7.1852
1653,220.0000,35.0000,216.6762,34.0683,2.8921
1655,220.0000,45.0000,223.8530,39.5248,6.1713
1657,220.0000,55.0000,214.8717,57.6409,3.8791
1659,220.0000,65.0000,231.0180,66.3930,4.7366
1661,220.0000,75.0000,231.2924,76.1935,3.0459
1663,220.0000,85.0000,238.0383,81.4937,4.0568
1665,225.0000,-90.0000,232.9559,-90.0000,0.0000
1666,225.0000,-85.0000,229.7218,-83.5678,1.5062
1667,225.0000,-80.0000,240.7104,-77.0766,4.2519
1668,225.0000,-75.0000,238.6773,-78.2174,4.4943
1669,225.0000,-70.0000,245.8709,-73.2358,7.2827
1670,225.0000,-65.0000,242.3416,-71.9951,9.3837
1671,225.0000,-60.0000,231.3778,-59.3438,3.2853
1672,225.0000,-55.0000,232.8338,-54.5709,4.5352
1673,225.0000,-50.0000,238.8959,-54.4932,9.5984
1674,225.0000,-45.0000,244.0306,-43.7541,13.6275
1675,225.0000,-40.0000,232.8518,-37.4667,6.6251
1676,225.0000,-35.0000,226.5293,-32.0541,3.2097
1677,225.0000,-30.0000,219.8179,-26.9779,5.4650
1678,225.0000,-25.0000,234.3608,-35.3999,13.1610
1679,225.0000,-20.0000,222.3985,-31.9089,12.1351
1680,225.0000,-15.0000,242.3146,-29.8243,21.7606
1681,225.0000,-10.0000,215.5484,-23.0835,15.8997
1682,225.0000,-5.0000,216.1216,-13.3675,12.1112
1683,225.0000,0.0000,229.9720,-9.4987,10.7107
1684,225.0000,5.0000,236.8715,-12.5418,21.1405
1685,225.0000,10.0000,231.0966,-6.3921,17.4809
1686,225.0000,15.0000,235.3240,21.1527,11.5772
1687,225.0000,20.0000,234.1194,25.6409,10.1175
1688,225.0000,25.0000,223.8511,25.0032,1.0412
1689,225.0000,30.0000,218.5041,28.9384,5.7533
1690,225.0000,35.0000,225.6253,29.4104,5.6145
1691,225.0000,40.0000,246.4182,10.1228,35.4111
1692,225.0000,45.0000,245.7137,33.7200,19.4959
1693,225.0000,50.0000,242.4766,42.7428,14.0231
1694,225.0000,55.0000,222.6537,49.4737,5.7092
1695,225.0000,60.0000,223.3360,57.6039,2.5463
1696,225.0000,65.0000,222.0913,66.9411,2.2734
1697,225.0000,70.0000,220.8019,67.9072,2.5781
1698,225.0000,75.0000,222.7061,74.3563,0.8841
1699,225.0000,80.0000,221.6599,80.1378,0.5922
1700,225.0000,85.0000,223.5499,81.0686,3.9350
1701,225.0000,90.0000,218.8684,85.7891,4.2110
1703,230.0000,-85.0000,221.4746,-84.7451,0.8027
1705,230.0000,-75.0000,238.8992,-70.8481,4.8946
1707,230.0000,-65.0000,238.6500,-64.7335,3.6806
1709,230.0000,-55.0000,227.1727,-56.1344,1.9600
1711,230.0000,-45.0000,233.2790,-53.6369,8.8949
1713,230.0000,-35.0000,224.5953,-34.6314,4.4520
1715,230.0000,-25.0000,229.9242,-17.2777,7.7226
1717,230.0000,-15.0000,232.4586,-19.5439,5.1141
1719,230.0000,-5.0000,234.1235,-17.5146,13.1490
1721,230.0000,5.0000,230.5922,-20.4486,25.4552
1723,230.0000,15.0000,224.3137,1.4130,14.7011
1725,230.0000,25.0000,224.1382,26.2220,5.4247
1727,230.0000,35.0000,219.2977,29.2158,10.7433
1729,230.0000,45.0000,238.1213,41.1615,7.0601
1731,230.0000,55.0000,227.2103,42.4562,12.6754
1733,230.0000,65.0000,235.1873,61.5682,4.1463
1735,230.0000,75.0000,229.6266,76.9274,1.9295
1737,230.0000,85.0000,233.8382,84.7209,0.4427
1739,235.0000,-90.0000,227.0609,-90.0000,0.0000
1740,235.0000,-85.0000,239.3440,-86.4023,1.4387
1741,235.0000,-80.0000,217.7780,-77.4751,4.1794
1742,235.0000,-75.0000,241.4346,-75.9580,1.8749
1743,235.0000,-70.0000,250.8605,-71.1920,5.3855
1744,235.0000,-65.0000,234.7324,-63.4392,1.5651
1745,235.0000,-60.0000,246.1476,-61.5511,5.6513
1746,235.0000,-55.0000,235.4554,-53.5845,1.4403
1747,235.0000,-50.0000,241.1089,-61.6083,12.0926
1748,235.0000,-45.0000,246.0500,-47.0419,7.9325
1749,235.0000,-40.0000,244.3920,-43.6381,7.8818
1750,235.0000,-35.0000,238.1508,-28.4155,7.1080
1751,235.0000,-30.0000,238.5067,-34.8331,5.6666
1752,235.0000,-25.0000,248.2560,-23.3189,12.2060
1753,235.0000,-20.0000,232.2980,-8.6654,11.6318
1754,235.0000,-15.0000,247.8846,-7.3882,14.7447
1755,235.0000,-10.0000,231.3765,6.3460,16.7397
1756,235.0000,-5.0000,219.2165,-10.9494,16.7169
1757,235.0000,0.0000,221.3389,3.3357,14.0549
1758,235.0000,5.0000,235.9130,-11.5898,16.6147
1759,235.0000,10.0000,222.2135,-3.1873,18.3328
1760,235.0000,15.0000,235.2751,11.2753,3.7343
1761,235.0000,20.0000,240.5024,14.9488,7.2826
1762,235.0000,25.0000,232.9064,31.8972,7.1381
1763,235.0000,30.0000,242.3729,33.4010,7.1327
1764,235.0000,35.0000,232.7534,39.5981,4.9327
1765,235.0000,40.0000,245.1340,42.3322,7.9717
1766,235.0000,45.0000,235.2503,44.5978,0.4395
1767,235.0000,50.0000,237.6087,47.3592,3.1524
1768,235.0000,55.0000,233.9957,53.7250,1.4028
1769,235.0000,60.0000,238.6981,59.2339,2.0209
1770,235.0000,65.0000,235.7077,62.8145,2.2075
1771,235.0000,70.0000,252.8568,73.0316,6.3876
1772,235.0000,75.0000,242.7480,72.2653,3.4938
1773,235.0000,80.0000,237.0860,85.0468,5.0532
1774,235.0000,85.0000,246.5145,88.4435,3.4886
1775,235.0000,90.0000,231.2789,90.0000,0.0000
1777,240.0000,-85.0000,253.4969,-79.2862,5.9658
1779,240.0000,-75.0000,244.1056,-66.6376,8.4655
1781,240.0000,-65.0000,240.8064,-62.7836,2.2446
1783,240.0000,-55.0000,245.6918,-56.9085,3.7126
1785,240.0000,-45.0000,248.9139,-51.3178,8.6638
1787,240.0000,-35.0000,241.3347,-30.5757,4.5642
1789,240.0000,-25.0000,256.6739,-28.4839,15.2782
1791,240.0000,-15.0000,251.0159,-21.1161,12.1213
1793,240.0000,-5.0000,233.4532,-7.4994,6.9708
1795,240.0000,5.0000,240.1481,-2.3976,7.3990
1797,240.0000,15.0000,246.1291,23.1680,10.0093
1799,240.0000,25.0000,232.2135,32.1128,9.8609
1801,240.0000,35.0000,231.5002,43.7933,10.9625
1803,240.0000,45.0000,239.8990,44.7755,0.2356
1805,240.0000,55.0000,248.2857,60.0233,6.7014
1807,240.0000,65.0000,229.1801,66.0496,4.5976
1809,240.0000,75.0000,229.3534,75.1513,2.7424
1811,240.0000,85.0000,241.4143,85.1494,0.1926
1813,245.0000,-90.0000,262.4254,-90.0000,0.0000
1814,245.0000,-85.0000,253.2817,-75.3610,9.7173
1815,245.0000,-80.0000,263.2061,-80.9114,3.1383
1816,245.0000,-75.0000,257.8230,-74.6939,3.3592
1817,245.0000,-70.0000,244.5293,-61.0320,8.9701
1818,245.0000,-65.0000,243.1429,-65.4422,0.8952
1819,245.0000,-60.0000,225.9739,-51.7548,13.4052
1820,245.0000,-55.0000,237.2216,-49.2477,7.4672
1821,245.0000,-50.0000,253.1504,-45.2776,7.2356
1822,245.0000,-45.0000,254.9973,-41.8552,7.9052
1823,245.0000,-40.0000,252.3857,-38.5443,5.8980
1824,245.0000,-35.0000,255.3553,-32.9385,8.8274
1825,245.0000,-30.0000,251.8121,-36.9309,8.9571
1826,245.0000,-25.0000,248.0194,-22.7382,3.5690
1827,245.0000,-20.0000,238.1429,-22.7126,6.9372
1828,245.0000,-15.0000,254.5244,-21.4115,11.0831
1829,245.0000,-10.0000,249.9645,-12.3561,5.4099
1830,245.0000,-5.0000,255.4506,-5.0206,10.4106
1831,245.0000,0.0000,264.4307,3.5657,19.7427
1832,245.0000,5.0000,257.4970,-4.9434,15.9579
1833,245.0000,10.0000,250.6002,-6.2948,17.2231
1834,245.0000,15.0000,247.1801,13.4448,2.6239
1835,245.0000,20.0000,239.5004,24.4389,6.7529
1836,245.0000,25.0000,234.8825,27.7623,9.4717
1837,245.0000,30.0000,250.2881,28.2437,4.9415
1838,245.0000,35.0000,239.4913,36.2734,4.6539
1839,245.0000,40.0000,246.5821,33.9182,6.2115
1840,245.0000,45.0000,244.8513,40.3548,4.6465
1841,245.0000,50.0000,248.6297,53.1930,3.9078
1842,245.0000,55.0000,251.4013,53.3930,4.0731
1843,245.0000,60.0000,256.3954,55.2502,7.7152
1844,245.0000,65.0000,248.7408,61.2415,4.1198
1845,245.0000,70.0000,249.4775,66.5427,3.8319
1846,245.0000,75.0000,245.5902,71.5704,3.4338
1847,245.0000,80.0000,247.4573,77.3637,2.6795
1848,245.0000,85.0000,237.3309,86.1944,1.3291
1849,245.0000,90.0000,235.6618,85.0754,4.9246
1851,250.0000,-85.0000,243.4341,-72.7044,12.3413
1853,250.0000,-75.0000,257.6673,-74.6273,2.0413
1855,250.0000,-65.0000,271.2070,-65.3336,8.8707
1857,250.0000,-55.0000,249.8520,-55.9369,0.9406
1859,250.0000,-45.0000,264.1689,-46.1241,9.9702
1861,250.0000,-35.0000,251.3978,-24.7991,10.2722
1863,250.0000,-25.0000,253.1016,-17.5401,7.9991
1865,250.0000,-15.0000,249.9416,-14.4741,0.5287
1867,250.0000,-5.0000,246.0952,-7.5100,4.6221
1869,250.0000,5.0000,247.0533,8.0647,4.2380
1871,250.0000,15.0000,251.1810,13.0999,2.2188
1873,250.0000,25.0000,252.8506,24.9875,2.5836
1875,250.0000,35.0000,242.8466,26.1006,10.8157
1877,250.0000,45.0000,258.3849,37.2998,9.9463
1879,250.0000,55.0000,252.9785,47.9185,7.3189
1881,250.0000,65.0000,251.4258,66.5989,1.7023
1883,250.0000,75.0000,232.8640,72.3914,5.4449
1885,250.0000,85.0000,267.0623,77.5451,7.8118
1887,255.0000,-90.0000,268.3917,-90.0000,0.0000
1888,255.0000,-85.0000,265.3537,-79.2594,5.8901
1889,255.0000,-80.0000,264.9766,-79.1694,1.9823
1890,255.0000,-75.0000,257.3358,-75.2380,0.6454
1891,255.0000,-70.0000,259.0927,-71.4680,1.9939
1892,255.0000,-65.0000,268.4259,-66.4962,5.7015
1893,255.0000,-60.0000,252.7577,-59.1303,1.4305
1894,255.0000,-55.0000,259.3767,-49.5167,6.0999
1895,255.0000,-50.0000,262.1833,-48.3389,4.9793
1896,255.0000,-45.0000,256.3883,-41.8540,3.3035
1897,255.0000,-40.0000,255.8352,-43.6254,3.6784
1898,255.0000,-35.0000,254.9841,-26.8429,8.1571
1899,255.0000,-30.0000,260.7459,-19.6946,11.5440
1900,255.0000,-25.0000,261.0185,-19.3662,7.9219
1901,255.0000,-20.0000,240.7379,-4.3620,20.9159
1902,255.0000,-15.0000,250.2459,-9.2735,7.3739
1903,255.0000,-10.0000,264.4901,-12.0254,9.5321
1904,255.0000,-5.0000,261.6092,-11.4825,9.2064
1905,255.0000,0.0000,254.2080,1.2591,1.4874
1906,255.0000,5.0000,240.5482,8.1274,14.6914
1907,255.0000,10.0000,249.0779,15.0124,7.6502
1908,255.0000,15.0000,256.4299,20.7816,5.9394
1909,255.0000,20.0000,251.0879,19.9676,3.6766
1910,255.0000,25.0000,251.1152,26.4078,3.7726
1911,255.0000,30.0000,247.9672,32.9148,6.6676
1912,255.0000,35.0000,250.5801,39.1639,5.4547
1913,255.0000,40.0000,243.0477,25.7168,17.4220
1914,255.0000,45.0000,254.2377,41.4293,3.6137
1915,255.0000,50.0000,247.8145,44.2464,7.5433
1916,255.0000,55.0000,248.7368,52.7266,4.3347
1917,255.0000,60.0000,244.5657,57.6147,5.8988
1918,255.0000,65.0000,243.5347,61.8609,5.9998
1919,255.0000,70.0000,253.5161,67.3014,2.7520
1920,255.0000,75.0000,248.7160,70.3906,4.9676
1921,255.0000,80.0000,249.5012,74.3113,5.8123
1922,255.0000,85.0000,254.2283,75.6844,9.3163
1923,255.0000,90.0000,235.3948,72.9383,17.0617
1925,260.0000,-85.0000,256.1839,-84.8277,0.3796
1927,260.0000,-75.0000,253.9686,-77.1487,2.5903
1929,260.0000,-65.0000,272.8890,-56.9902,10.1196
1931,260.0000,-55.0000,258.5420,-51.2829,3.8184
1933,260.0000,-45.0000,273.4694,-48.8579,9.9570
1935,260.0000,-35.0000,261.0903,-35.4655,1.0049
1937,260.0000,-25.0000,260.5351,-28.7294,3.7598
1939,260.0000,-15.0000,257.4977,-11.6227,4.1634
1941,260.0000,-5.0000,262.5558,-20.8762,16.0690
1943,260.0000,5.0000,258.1938,7.6055,3.1640
1945,260.0000,15.0000,264.3157,19.5550,6.1415
1947,260.0000,25.0000,268.0500,24.2919,7.3498
1949,260.0000,35.0000,255.3692,37.1671,4.3238
1951,260.0000,45.0000,264.7495,46.2623,3.5523
1953,260.0000,55.0000,261.0298,53.7322,1.4025
1955,260.0000,65.0000,250.9454,65.3665,3.8147
1957,260.0000,75.0000,251.2298,75.0858,2.2631
1959,260.0000,85.0000,275.6164,77.2422,8.0537
1961,265.0000,-90.0000,262.4225,-62.9938,27.0062
1962,265.0000,-85.0000,266.6116,-78.4455,6.5579
1963,265.0000,-80.0000,273.7231,-77.7380,2.8140
1964,265.0000,-75.0000,269.6332,-74.2638,1.4311
1965,265.0000,-70.0000,272.9499,-76.9558,7.2984
1966,265.0000,-65.0000,268.5401,-66.2954,1.9512
1967,265.0000,-60.0000,266.3970,-63.8797,3.9347
1968,265.0000,-55.0000,271.0336,-55.5895,3.4843
1969,265.0000,-50.0000,270.9531,-58.9963,9.6285
1970,265.0000,-45.0000,261.5750,-35.0386,10.2983
1971,265.0000,-40.0000,279.2488,-38.6532,11.0920
1972,265.0000,-35.0000,248.6385,-20.8035,20.2071
1973,265.0000,-30.0000,257.0186,-22.9828,10.0071
1974,265.0000,-25.0000,275.6880,-27.0366,9.8149
1975,265.0000,-20.0000,261.8829,-29.6721,10.0757
1976,265.0000,-15.0000,247.7824,-16.9826,16.6639
1977,265.0000,-10.0000,246.9095,-7.8652,17.9952
1978,265.0000,-5.0000,254.9065,-0.1567,11.1834
1979,265.0000,0.0000,248.1063,8.3075,18.7723
1980,265.0000,5.0000,254.7264,3.6499,10.3326
1981,265.0000,10.0000,266.5765,12.6990,3.1102
1982,265.0000,15.0000,266.6701,18.5702,3.9118
1983,265.0000,20.0000,262.3804,15.2438,5.3712
1984,265.0000,25.0000,255.5236,25.1890,8.5823
1985,265.0000,30.0000,261.2380,27.5147,4.1291
1986,265.0000,35.0000,268.1074,39.3689,5.0207
1987,265.0000,40.0000,270.9635,43.0937,5.4283
1988,265.0000,45.0000,270.5943,47.1303,4.4262
1989,265.0000,50.0000,262.5759,50.4404,1.6123
1990,265.0000,55.0000,275.0229,50.1926,7.7450
1991,265.0000,60.0000,275.4970,59.5195,5.3027
1992,265.0000,65.0000,277.5983,58.2312,9.0058
1993,265.0000,70.0000,274.1679,66.4661,4.8942
1994,265.0000,75.0000,261.1967,80.6324,5.6863
1995,265.0000,80.0000,276.8369,83.1390,3.5709
1996,265.0000,85.0000,264.4233,86.4499,1.4505
1997,265.0000,90.0000,281.7189,87.9413,2.0587
1999,270.0000,-85.0000,267.9499,-69.7638,15.2404
2001,270.0000,-75.0000,265.6397,-62.5656,12.5260
2003,270.0000,-65.0000,274.3222,-56.4627,8.7898
2005,270.0000,-55.0000,271.3636,-50.6768,4.4008
2007,270.0000,-45.0000,263.3024,-35.5186,10.7620
2009,270.0000,-35.0000,267.1554,-24.3035,10.9768
2011,270.0000,-25.0000,266.2392,-15.0015,10.6026
2013,270.0000,-15.0000,243.1254,-20.6582,26.1668
2015,270.0000,-5.0000,256.9708,8.7068,18.8850
2017,270.0000,5.0000,254.3629,-6.3906,19.3241
2019,270.0000,15.0000,269.4302,8.0416,6.9808
2021,270.0000,25.0000,269.9348,26.1556,1.1572
2023,270.0000,35.0000,267.0070,43.6395,8.9427
2025,270.0000,45.0000,275.5496,48.8144,5.3754
2027,270.0000,55.0000,280.6526,54.5680,6.1521
2029,270.0000,65.0000,276.9850,66.1136,3.0953
2031,270.0000,75.0000,276.4770,72.2881,3.2643
2033,270.0000,85.0000,270.2807,83.1217,1.8786
2035,275.0000,-90.0000,247.3551,-87.9584,2.0416
2036,275.0000,-85.0000,304.1191,-79.0738,6.9898
2037,275.0000,-80.0000,296.1172,-80.7598,3.5882
2038,275.0000,-75.0000,299.3851,-65.9692,11.9850
2039,275.0000,-70.0000,282.7715,-60.0134,10.4927
2040,275.0000,-65.0000,277.1665,-53.1436,11.9068
2041,275.0000,-60.0000,280.8677,-53.6692,7.0917
2042,275.0000,-55.0000,278.9739,-41.2499,13.9979
2043,275.0000,-50.0000,288.0761,-51.9531,8.4491
2044,275.0000,-45.0000,283.4473,-46.0835,6.0117
2045,275.0000,-40.0000,278.2867,-35.4727,5.2194
2046,275.0000,-35.0000,265.5562,-26.0188,12.1055
2047,275.0000,-30.0000,280.4094,-32.3676,5.1972
2048,275.0000,-25.0000,284.6575,-27.9836,9.1404
2049,275.0000,-20.0000,287.1323,-20.5538,11.3913
2050,275.0000,-15.0000,268.4943,-13.3224,6.5268
2051,275.0000,-10.0000,267.3427,-17.6901,10.6917
2052,275.0000,-5.0000,280.7239,-9.6179,7.3170
2053,275.0000,0.0000,250.1058,-4.8514,25.3329
2054,275.0000,5.0000,275.2379,-3.9256,8.9288
2055,275.0000,10.0000,281.7396,3.0206,9.6691
2056,275.0000,15.0000,279.8257,11.7845,5.6895
2057,275.0000,20.0000,283.5391,22.3096,8.2901
2058,275.0000,25.0000,274.8087,26.6449,1.6539
2059,275.0000,30.0000,266.2411,38.4211,11.0961
2060,275.0000,35.0000,266.9644,39.8659,8.0187
2061,275.0000,40.0000,266.8000,43.5860,7.0827
2062,275.0000,45.0000,287.1171,49.5023,9.3609
2063,275.0000,50.0000,285.3796,51.0771,6.6784
2064,275.0000,55.0000,300.3591,54.6687,14.5290
2065,275.0000,60.0000,294.5127,64.0145,9.9481
2066,275.0000,65.0000,291.0404,67.3928,6.8781
2067,275.0000,70.0000,288.5257,70.5851,4.5887
2068,275.0000,75.0000,291.9119,76.9725,4.5240
2069,275.0000,80.0000,275.6319,81.7943,1.7970
2070,275.0000,85.0000,279.9506,71.5126,13.5127
2071,275.0000,90.0000,298.3202,87.8105,2.1895
2073,280.0000,-85.0000,286.8991,-87.3400,2.3808
2075,280.0000,-75.0000,268.3612,-78.6442,4.4906
2077,280.0000,-65.0000,280.8817,-54.7004,10.3089
2079,280.0000,-55.0000,282.4032,-25.6805,29.3727
2081,280.0000,-45.0000,281.7216,-45.3680,1.2679
2083,280.0000,-35.0000,271.3674,-32.0597,7.7700
2085,280.0000,-25.0000,282.7831,-31.6760,7.1103
2087,280.0000,-15.0000,281.6207,-22.3976,7.5549
2089,280.0000,-5.0000,281.0464,1.7941,6.8740
2091,280.0000,5.0000,254.1659,11.7548,26.4161
2093,280.0000,15.0000,275.8564,20.0172,6.3855
2095,280.0000,25.0000,269.9944,23.1446,9.3194
2097,280.0000,35.0000,268.0102,28.2938,12.1981
2099,280.0000,45.0000,276.5424,44.5196,2.5014
2101,280.0000,55.0000,290.2132,57.8164,6.3050
2103,280.0000,65.0000,280.2253,61.0080,3.9933
2105,280.0000,75.0000,292.1791,69.0770,6.9835
2107,280.0000,85.0000,270.8745,62.7048,22.3714
2109,285.0000,-90.0000,300.6373,-88.4935,1.5065
2110,285.0000,-85.0000,307.0548,-83.0381,2.9877
2111,285.0000,-80.0000,289.3127,-77.7463,2.4009
2112,285.0000,-75.0000,287.5733,-82.9580,7.9712
2113,285.0000,-70.0000,289.0282,-79.0594,9.1176
2114,285.0000,-65.0000,278.6399,-64.9629,2.6889
2115,285.0000,-60.0000,270.8603,-56.6025,8.1485
2116,285.0000,-55.0000,287.8711,-48.5552,6.6836
2117,285.0000,-50.0000,290.0339,-22.1643,28.1161
2118,285.0000,-45.0000,287.2378,-33.5946,11.5348
2119,285.0000,-40.0000,305.1369,-49.6125,17.1340
2120,285.0000,-35.0000,280.8290,-40.0375,6.0249
2121,285.0000,-30.0000,277.2477,-35.4670,8.5043
2122,285.0000,-25.0000,283.9187,-34.2257,9.2732
2123,285.0000,-20.0000,286.5502,-32.3673,12.4448
2124,285.0000,-15.0000,288.2787,-28.1549,13.5013
2125,285.0000,-10.0000,293.6260,-30.3551,21.8837
2126,285.0000,-5.0000,289.1387,-19.3941,14.9485
2127,285.0000,0.0000,273.3987,-14.4634,18.4635
2128,285.0000,5.0000,266.6581,1.1780,18.7062
2129,285.0000,10.0000,280.9568,27.7860,18.1883
2130,285.0000,15.0000,287.7419,26.1886,11.4779
2131,285.0000,20.0000,282.1698,31.4653,11.7438
2132,285.0000,25.0000,277.5375,30.1385,8.3724
2133,285.0000,30.0000,263.0895,19.3767,22.5046
2134,285.0000,35.0000,264.6083,27.0648,19.1414
2135,285.0000,40.0000,280.7198,35.5952,5.5519
2136,285.0000,45.0000,276.7784,42.5008,6.4395
2137,285.0000,50.0000,281.6626,49.2388,2.2921
2138,285.0000,55.0000,285.3126,67.5376,12.5385
2139,285.0000,60.0000,285.4878,60.2824,0.3725
2140,285.0000,65.0000,286.6132,68.0003,3.0682
2141,285.0000,70.0000,279.6421,72.1513,2.7633
2142,285.0000,75.0000,298.3566,71.6383,5.0788
2143,285.0000,80.0000,270.1947,79.0148,2.8609
2144,285.0000,85.0000,273.0238,75.7864,9.3788
2145,285.0000,90.0000,295.8718,88.4797,1.5203
2147,290.0000,-85.0000,306.2941,-89.9896,4.9900
2149,290.0000,-75.0000,305.1190,-74.2517,4.0659
2151,290.0000,-65.0000,295.2930,-62.1769,3.6736
2153,290.0000,-55.0000,285.3264,-58.0401,3.9843
2155,290.0000,-45.0000,290.3113,-42.7588,2.2524
2157,290.0000,-35.0000,287.3214,-31.9911,3.7470
2159,290.0000,-25.0000,289.6578,-27.6463,2.6640
2161,290.0000,-15.0000,286.2414,-27.7474,13.2163
2163,290.0000,-5.0000,306.2650,-9.0494,16.6388
2165,290.0000,5.0000,297.1798,-1.1200,9.4284
2167,290.0000,15.0000,296.6764,16.1623,6.5348
2169,290.0000,25.0000,298.5034,20.3478,9.1180
2171,290.0000,35.0000,264.6784,22.3671,25.4435
2173,290.0000,45.0000,300.3439,22.0871,24.4326
2175,290.0000,55.0000,290.2462,36.7811,18.2196
2177,290.0000,65.0000,296.9433,60.6856,5.3469
2179,290.0000,75.0000,300.7829,67.9562,7.8043
2181,290.0000,85.0000,286.7795,71.7576,13.2532
2183,295.0000,-90.0000,326.9896,-71.9732,18.0268
2184,295.0000,-85.0000,336.6529,-68.3162,18.2384
2185,295.0000,-80.0000,324.9484,-56.0261,25.7400
2186,295.0000,-75.0000,326.9134,-66.1490,13.5238
2187,295.0000,-70.0000,310.6465,-53.7161,17.7522
2188,295.0000,-65.0000,315.8121,-62.0205,9.6975
2189,295.0000,-60.0000,314.0602,-59.7417,9.5377
2190,295.0000,-55.0000,316.0078,-49.6201,13.8572
2191,295.0000,-50.0000,302.6497,-48.9777,5.0708
2192,295.0000,-45.0000,296.1949,-44.8262,0.8637
2193,295.0000,-40.0000,306.4178,-34.9846,10.3430
2194,295.0000,-35.0000,301.9877,-12.6924,23.1871
2195,295.0000,-30.0000,307.9349,-13.4649,20.4013
2196,295.0000,-25.0000,292.6164,-8.8496,16.3092
2197,295.0000,-20.0000,295.3448,-23.5748,3.5891
2198,295.0000,-15.0000,292.8888,-31.4454,16.5583
2199,295.0000,-10.0000,283.1434,-17.8289,13.9094
2200,295.0000,-5.0000,286.4567,-17.7318,15.2290
2201,295.0000,0.0000,283.2721,0.5738,11.7417
2202,295.0000,5.0000,302.1283,-3.8305,11.3439
2203,295.0000,10.0000,302.2163,4.6611,8.9270
2204,295.0000,15.0000,296.9692,3.0583,12.0984
2205,295.0000,20.0000,296.9373,12.3435,7.8789
2206,295.0000,25.0000,300.2493,13.3668,12.6410
2207,295.0000,30.0000,298.0534,19.7256,10.6397
2208,295.0000,35.0000,296.7659,26.4163,8.7164
2209,295.0000,40.0000,306.4048,31.7908,12.3400
2210,295.0000,45.0000,12.0630,12.0919,72.3670
2211,295.0000,50.0000,315.6540,33.5415,22.3932
2212,295.0000,55.0000,292.6945,13.4349,41.6041
2213,295.0000,60.0000,306.3614,53.6559,8.8593
2214,295.0000,65.0000,293.7491,46.0278,18.9845
2215,295.0000,70.0000,296.7869,51.9342,18.0847
2216,295.0000,75.0000,309.2878,60.4384,15.4361
2217,295.0000,80.0000,296.1700,65.4239,14.5795
2218,295.0000,85.0000,303.5300,46.5758,38.4853
2219,295.0000,90.0000,286.9153,65.5790,24.4210
2221,300.0000,-85.0000,310.4911,-84.7250,0.9773
2223,300.0000,-75.0000,306.0009,-75.7122,1.6750
2225,300.0000,-65.0000,297.9520,-79.0399,14.0521
2227,300.0000,-55.0000,313.7306,-68.9632,15.2979
2229,300.0000,-45.0000,302.0928,-49.1379,4.3760
2231,300.0000,-35.0000,307.9747,-40.3591,8.2735
2233,300.0000,-25.0000,303.8473,-8.4531,16.9486
2235,300.0000,-15.0000,311.3945,-23.9690,13.9809
2237,300.0000,-5.0000,297.0797,-7.5940,3.8927
2239,300.0000,5.0000,287.8705,3.4183,12.1993
2241,300.0000,15.0000,293.3183,19.6463,7.8893
2243,300.0000,25.0000,301.1099,41.8176,16.8426
2245,300.0000,35.0000,300.2610,39.4600,4.4648
2247,300.0000,45.0000,323.4921,26.9191,26.0565
2249,300.0000,55.0000,292.2105,50.4134,6.5739
2251,300.0000,65.0000,299.1559,64.3008,0.7871
2253,300.0000,75.0000,308.7349,62.8027,12.5639
2255,300.0000,85.0000,325.2187,55.4759,30.0670
2257,305.0000,-90.0000,152.2671,58.2563,148.2563
2258,305.0000,-85.0000,206.8039,-68.4465,22.7840
2259,305.0000,-80.0000,279.9164,-49.3198,31.8585
2260,305.0000,-75.0000,320.2382,-65.9205,10.3407
2261,305.0000,-70.0000,272.4665,-32.8629,41.2264
2262,305.0000,-65.0000,277.6088,-43.5046,26.3525
2263,305.0000,-60.0000,296.8617,-55.0398,6.6015
2264,305.0000,-55.0000,330.1106,-51.0082,15.5353
2265,305.0000,-50.0000,307.7027,-50.0148,1.7370
2266,305.0000,-45.0000,303.3081,-46.2004,1.6857
2267,305.0000,-40.0000,308.5991,-41.0374,2.9258
2268,305.0000,-35.0000,311.2711,-32.1183,5.9659
2269,305.0000,-30.0000,318.8546,-33.2762,12.2311
2270,305.0000,-25.0000,303.9879,1.1422,26.1606
2271,305.0000,-20.0000,297.8892,-21.2328,6.7679
2272,305.0000,-15.0000,327.7968,-14.5619,22.0371
2273,305.0000,-10.0000,325.1924,-2.2733,21.4963
2274,305.0000,-5.0000,329.6526,-6.6473,24.5778
2275,305.0000,0.0000,277.5322,8.4761,28.6483
2276,305.0000,5.0000,266.8065,-8.5063,40.4094
2277,305.0000,10.0000,350.2346,-5.4587,47.6356
2278,305.0000,15.0000,306.7312,5.4939,9.6571
2279,305.0000,20.0000,311.2092,19.5055,5.8643
2280,305.0000,25.0000,313.8914,35.2960,12.8364
2281,305.0000,30.0000,317.2343,37.5436,12.6436
2282,305.0000,35.0000,325.6717,23.2480,21.4743
2283,305.0000,40.0000,311.1264,46.2984,7.7179
2284,305.0000,45.0000,308.9418,37.2867,8.2620
2285,305.0000,50.0000,301.9864,32.4520,17.6900
2286,305.0000,55.0000,289.6317,38.7000,19.3003
2287,305.0000,60.0000,315.1736,53.6700,8.4104
2288,305.0000,65.0000,307.3784,56.4297,8.6473
2289,305.0000,70.0000,314.0704,64.3961,6.6001
2290,305.0000,75.0000,339.6664,76.0585,8.5988
2291,305.0000,80.0000,326.6069,75.6514,6.2284
2292,305.0000,85.0000,356.8522,72.6416,14.7857
2293,305.0000,90.0000,316.5209,77.3714,12.6286
2295,310.0000,-85.0000,310.3674,-87.5420,2.5421
2297,310.0000,-75.0000,321.1306,-73.4020,3.4187
2299,310.0000,-65.0000,304.9769,-58.3755,7.0346
2301,310.0000,-55.0000,326.6002,-64.7435,12.7414
2303,310.0000,-45.0000,299.8598,-33.5500,13.8578
2305,310.0000,-35.0000,311.4751,-39.6672,4.8121
2307,310.0000,-25.0000,309.6800,-1.1831,23.8189
2309,310.0000,-15.0000,325.9647,-20.1816,16.0654
2311,310.0000,-5.0000,300.4312,-5.4058,9.5379
2313,310.0000,5.0000,297.6402,-1.9732,14.1808
2315,310.0000,15.0000,317.8119,-0.7592,17.5511
2317,310.0000,25.0000,317.8157,25.1814,7.0796
2319,310.0000,35.0000,320.9024,40.8943,10.4110
2321,310.0000,45.0000,298.3617,38.3299,10.9397
2323,310.0000,55.0000,306.1842,43.9533,11.3171
2325,310.0000,65.0000,308.1501,49.0167,16.0133
2327,310.0000,75.0000,335.4904,74.0539,6.8114
2329,310.0000,85.0000,306.8719,76.8561,8.1558
2331,315.0000,-90.0000,43.2946,-74.8837,15.1163
2332,315.0000,-85.0000,334.5489,-78.9241,6.5777
2333,315.0000,-80.0000,318.3671,-72.7538,7.2865
2334,315.0000,-75.0000,358.3935,-57.3621,23.8178
2335,315.0000,-70.0000,330.4861,-67.8088,5.9686
2336,315.0000,-65.0000,318.9795,-53.5234,11.6498
2337,315.0000,-60.0000,328.1652,-64.2083,7.4377
2338,315.0000,-55.0000,338.3316,-57.3609,13.1307
2339,315.0000,-50.0000,321.9678,-59.5005,10.3033
2340,315.0000,-45.0000,310.5190,-28.0616,17.3095
2341,315.0000,-40.0000,321.4627,-47.1328,8.5257
2342,315.0000,-35.0000,324.2520,-38.5856,8.2256
2343,315.0000,-30.0000,328.4087,-28.7050,11.7519
2344,315.0000,-25.0000,305.6233,-37.2564,14.6318
2345,315.0000,-20.0000,332.9279,-21.0580,16.8138
2346,315.0000,-15.0000,3.2438,-26.2091,46.2556
2347,315.0000,-10.0000,357.8358,-16.2530,42.1062
2348,315.0000,-5.0000,343.5735,-35.5413,40.3118
2349,315.0000,0.0000,304.9686,12.6275,16.0762
2350,315.0000,5.0000,293.3079,2.6988,21.7631
2351,315.0000,10.0000,267.9686,-9.1536,50.5748
2352,315.0000,15.0000,345.9256,7.1498,31.3091
2353,315.0000,20.0000,313.5710,24.1443,4.3506
2354,315.0000,25.0000,308.7375,27.8360,6.2834
2355,315.0000,30.0000,324.6255,32.1183,8.5098
2356,315.0000,35.0000,323.5028,32.8593,7.3698
2357,315.0000,40.0000,327.3107,44.7835,10.2584
2358,315.0000,45.0000,306.0883,47.5691,6.6680
2359,315.0000,50.0000,323.8482,48.6904,5.9077
2360,315.0000,55.0000,310.7339,50.7828,4.9385
2361,315.0000,60.0000,298.5455,51.6248,12.4132
2362,315.0000,65.0000,318.7294,64.9108,1.5810
2363,315.0000,70.0000,331.1201,73.0513,5.9226
2364,315.0000,75.0000,6.6657,77.4444,12.1162
2365,315.0000,80.0000,347.1064,74.8364,8.5080
2366,315.0000,85.0000,344.2789,76.2005,9.7440
2367,315.0000,90.0000,317.2545,77.1306,12.8694
2369,320.0000,-85.0000,328.7566,-82.4227,2.7426
2371,320.0000,-75.0000,319.8759,-72.5197,2.4805
2373,320.0000,-65.0000,326.7629,-51.3250,14.1135
2375,320.0000,-55.0000,329.8040,-55.0161,5.6176
2377,320.0000,-45.0000,303.6788,-25.6375,23.4007
2379,320.0000,-35.0000,328.3702,-39.0277,7.7982
2381,320.0000,-25.0000,325.9113,-17.0430,9.6792
2383,320.0000,-15.0000,320.4662,-19.7674,4.7881
2385,320.0000,-5.0000,339.1481,-23.9503,26.4362
2387,320.0000,5.0000,308.1454,11.8142,13.5565
2389,320.0000,15.0000,345.7814,0.5551,29.2795
2391,320.0000,25.0000,313.6132,27.6418,6.3035
2393,320.0000,35.0000,326.4846,21.3075,14.8282
2395,320.0000,45.0000,319.7932,48.4995,3.5023
2397,320.0000,55.0000,316.8111,56.6200,2.4152
2399,320.0000,65.0000,337.2456,73.2190,10.1846
2401,320.0000,75.0000,337.1526,60.9239,15.3387
2403,320.0000,85.0000,349.2942,90.0000,5.0000
2405,325.0000,-90.0000,347.0115,-74.3685,15.6315
2406,325.0000,-85.0000,333.8141,-81.0190,4.1114
2407,325.0000,-80.0000,336.0898,-75.2749,5.2673
2408,325.0000,-75.0000,319.5194,-44.6870,30.4083
2409,325.0000,-70.0000,314.8951,-71.4775,3.6405
2410,325.0000,-65.0000,316.4727,-24.2940,41.0787
2411,325.0000,-60.0000,312.0221,-56.9537,7.4217
2412,325.0000,-55.0000,324.2985,-38.5044,16.5024
2413,325.0000,-50.0000,328.0604,-48.3485,2.5940
2414,325.0000,-45.0000,291.7808,-21.0290,36.3035
2415,325.0000,-40.0000,326.2870,-20.0281,20.0023
2416,325.0000,-35.0000,330.1321,-41.4156,7.5742
2417,325.0000,-30.0000,327.1583,-32.5350,3.1350
2418,325.0000,-25.0000,323.5143,6.3308,31.3641
2419,325.0000,-20.0000,323.3290,-12.6085,7.5632
2420,325.0000,-15.0000,334.4860,-13.3281,9.3473
2421,325.0000,-10.0000,334.0829,-7.4873,9.3214
2422,325.0000,-5.0000,337.0918,-16.1936,16.3109
2423,325.0000,0.0000,325.4618,12.6035,12.6118
2424,325.0000,5.0000,302.5414,14.3438,24.0020
2425,325.0000,10.0000,326.5078,7.8310,2.6312
2426,325.0000,15.0000,354.4821,21.8255,28.7413
2427,325.0000,20.0000,333.4803,11.2036,11.9967
2428,325.0000,25.0000,317.5756,22.4785,7.2473
2429,325.0000,30.0000,325.8100,18.5363,11.4873
2430,325.0000,35.0000,331.5137,19.4287,16.6025
2431,325.0000,40.0000,346.9878,31.6102,19.6361
2432,325.0000,45.0000,330.4570,44.2726,3.9498
2433,325.0000,50.0000,322.1577,55.5160,5.7767
2434,325.0000,55.0000,319.3898,55.5137,3.2373
2435,325.0000,60.0000,298.0116,57.7468,14.0301
2436,325.0000,65.0000,323.5851,74.9785,9.9895
2437,325.0000,70.0000,334.7522,66.0533,5.3630
2438,325.0000,75.0000,332.0398,13.6560,61.4677
2439,325.0000,80.0000,324.1489,31.0209,48.9803
2440,325.0000,85.0000,322.5614,85.7319,0.7578
2441,325.0000,90.0000,311.7140,90.0000,0.0000
2443,330.0000,-85.0000,298.9789,-78.4413,7.7109
2445,330.0000,-75.0000,316.6251,-64.0258,11.8640
2447,330.0000,-65.0000,204.5066,21.7708,124.3342
2449,330.0000,-55.0000,314.9750,-36.3722,21.2789
2451,330.0000,-45.0000,317.4318,-24.1476,23.2140
2453,330.0000,-35.0000,344.8899,-31.2793,12.9963
2455,330.0000,-25.0000,324.5116,-9.6811,16.1834
2457,330.0000,-15.0000,338.3335,-12.4659,8.4815
2459,330.0000,-5.0000,325.2314,-9.6068,6.6017
2461,330.0000,5.0000,299.3607,13.3386,31.3391
2463,330.0000,15.0000,336.8758,8.9577,9.0388
2465,330.0000,25.0000,317.6641,21.1821,11.9663
2467,330.0000,35.0000,352.9985,24.0169,22.7486
2469,330.0000,45.0000,348.4633,47.1146,12.9542
2471,330.0000,55.0000,327.8214,59.9180,5.0549
2473,330.0000,65.0000,343.5113,75.1629,11.0934
2475,330.0000,75.0000,333.9591,6.8975,68.1403
2477,330.0000,85.0000,347.1316,68.6601,16.6241
2479,335.0000,-90.0000,331.0398,-88.3083,1.6917
2480,335.0000,-85.0000,281.3138,-58.6627,28.6322
2481,335.0000,-80.0000,306.6035,-74.0181,8.5825
2482,335.0000,-75.0000,290.1691,-41.4153,39.0475
2483,335.0000,-70.0000,330.1660,-67.4984,3.0522
2484,335.0000,-65.0000,319.5856,-48.2781,18.6311
2485,335.0000,-60.0000,336.1667,-48.2050,11.8143
2486,335.0000,-55.0000,343.9113,-25.0271,30.6847
2487,335.0000,-50.0000,333.7609,-43.5450,6.5103
2488,335.0000,-45.0000,333.8290,-41.1392,3.9543
2489,335.0000,-40.0000,334.6573,-38.6513,1.3745
2490,335.0000,-35.0000,347.8031,-23.9557,15.6628
2491,335.0000,-30.0000,329.4766,-15.1762,15.6694
2492,335.0000,-25.0000,329.1639,20.3935,45.7468
2493,335.0000,-20.0000,318.1632,1.2162,26.8807
2494,335.0000,-15.0000,326.7829,-8.6247,10.2594
2495,335.0000,-10.0000,321.9536,-8.9953,12.9058
2496,335.0000,-5.0000,346.3184,-12.7106,13.5761
2497,335.0000,0.0000,334.5038,-13.4205,13.4295
2498,335.0000,5.0000,300.1830,13.6878,35.3877
2499,335.0000,10.0000,348.5349,8.6504,13.4229
2500,335.0000,15.0000,347.9179,13.4817,12.6106
2501,335.0000,20.0000,338.1006,17.2882,3.9978
2502,335.0000,25.0000,331.6754,26.4676,3.3349
2503,335.0000,30.0000,349.3072,36.8776,13.7557
2504,335.0000,35.0000,340.9866,33.2010,5.2725
2505,335.0000,40.0000,334.3370,41.2131,1.3134
2506,335.0000,45.0000,344.3302,45.2183,6.5848
2507,335.0000,50.0000,337.2831,52.0862,2.5320
2508,335.0000,55.0000,340.8020,59.2092,5.2540
2509,335.0000,60.0000,337.2389,53.5231,6.5912
2510,335.0000,65.0000,336.2277,66.9666,2.0289
2511,335.0000,70.0000,342.2885,73.1753,3.9163
2512,335.0000,75.0000,342.6551,68.3611,7.0479
2513,335.0000,80.0000,344.2976,70.3508,9.9079
2514,335.0000,85.0000,335.6542,74.0681,10.9324
2515,335.0000,90.0000,320.1260,90.0000,0.0000
2517,340.0000,-85.0000,221.4190,-11.5387,80.8850
2519,340.0000,-75.0000,335.2274,-65.4789,9.6493
2521,340.0000,-65.0000,335.4425,-18.2542,46.8455
2523,340.0000,-55.0000,358.2659,-24.1983,33.6350
2525,340.0000,-45.0000,334.7317,-44.0305,3.8789
2527,340.0000,-35.0000,336.8721,-27.7681,7.7078
2529,340.0000,-25.0000,338.6488,2.4983,27.5295
2531,340.0000,-15.0000,336.9780,7.6899,22.8868
2533,340.0000,-5.0000,338.8468,-3.8268,1.6427
2535,340.0000,5.0000,332.3243,13.3301,11.2561
2537,340.0000,15.0000,345.7095,25.3486,11.6492
2539,340.0000,25.0000,345.7624,32.4568,9.0035
2541,340.0000,35.0000,350.1727,41.3667,10.2089
2543,340.0000,45.0000,342.5665,41.4718,3.9925
2545,340.0000,55.0000,349.7234,53.5117,5.8664
2547,340.0000,65.0000,334.4052,49.2193,16.0554
2549,340.0000,75.0000,351.9253,74.4097,3.1950
2551,340.0000,85.0000,330.5093,68.9162,16.1723
2553,345.0000,-90.0000,326.0914,-74.6872,15.3128
2554,345.0000,-85.0000,60.9299,-49.4364,39.5947
2555,345.0000,-80.0000,332.9870,-76.1834,4.5315
2556,345.0000,-75.0000,322.0773,-30.5237,45.8983
2557,345.0000,-70.0000,343.0089,-70.3970,0.7826
2558,345.0000,-65.0000,359.9268,-33.2055,33.0693
2559,345.0000,-60.0000,345.1138,-55.1567,4.8437
2560,345.0000,-55.0000,355.1691,-22.9944,32.8913
2561,345.0000,-50.0000,342.0141,-52.5046,3.1244
2562,345.0000,-45.0000,335.3054,-41.8356,7.7135
2563,345.0000,-40.0000,333.8665,-36.4871,9.4148
2564,345.0000,-35.0000,326.2460,-31.3174,16.0996
2565,345.0000,-30.0000,348.5019,-33.8243,4.8429
2566,345.0000,-25.0000,342.7380,-8.0685,17.0685
2567,345.0000,-20.0000,337.8562,-15.6192,8.0880
2568,345.0000,-15.0000,338.4619,12.0718,27.8352
2569,345.0000,-10.0000,346.9395,-9.0803,2.1223
2570,345.0000,-5.0000,338.9546,-10.8758,8.3869
2571,345.0000,0.0000,332.7824,1.5801,12.3178
2572,345.0000,5.0000,347.7784,12.4554,7.9444
2573,345.0000,10.0000,346.0879,7.6808,2.5562
2574,345.0000,15.0000,347.2467,15.3736,2.2002
2575,345.0000,20.0000,346.2908,22.5180,2.7905
2576,345.0000,25.0000,349.4276,24.5975,4.0392
2577,345.0000,30.0000,345.4238,30.9208,0.9907
2578,345.0000,35.0000,352.6914,38.8781,7.2645
2579,345.0000,40.0000,341.9754,36.9384,3.8700
2580,345.0000,45.0000,351.0996,43.7199,4.5437
2581,345.0000,50.0000,348.9027,45.0198,5.6329
2582,345.0000,55.0000,347.1669,54.6735,1.2899
2583,345.0000,60.0000,340.8340,59.6854,2.1160
2584,345.0000,65.0000,339.5113,51.4730,13.8196
2585,345.0000,70.0000,332.3520,54.9468,16.0713
2586,345.0000,75.0000,328.3688,63.5227,12.7930
2587,345.0000,80.0000,326.0251,69.8041,11.2013
2588,345.0000,85.0000,350.6039,70.8082,14.2238
2589,345.0000,90.0000,47.8333,88.0589,1.9412
2591,350.0000,-85.0000,62.2595,-18.0677,70.4756
2593,350.0000,-75.0000,346.4254,-63.0936,11.9695
2595,350.0000,-65.0000,5.7558,-42.9568,23.7545
2597,350.0000,-55.0000,10.8232,-19.3180,39.0214
2599,350.0000,-45.0000,335.7769,-37.4825,13.0421
2601,350.0000,-35.0000,331.0271,-34.0799,15.6322
2603,350.0000,-25.0000,351.9843,-13.1609,11.9860
2605,350.0000,-15.0000,332.5846,-2.5806,21.1933
2607,350.0000,-5.0000,343.6830,-16.7142,13.2499
2609,350.0000,5.0000,343.1327,6.2305,6.9441
2611,350.0000,15.0000,351.7574,10.2981,5.0046
2613,350.0000,25.0000,348.4833,19.6078,5.5716
2615,350.0000,35.0000,1.4109,38.1551,9.6835
2617,350.0000,45.0000,354.6038,43.1701,3.7786
2619,350.0000,55.0000,345.5952,59.8624,5.4070
2621,350.0000,65.0000,359.4259,54.3253,11.6592
2623,350.0000,75.0000,337.8475,62.5885,13.1042
2625,350.0000,85.0000,358.4028,68.3980,16.6709
2627,355.0000,-90.0000,359.7873,-76.9618,13.0382
2628,355.0000,-85.0000,50.0972,-56.6538,30.7285
2629,355.0000,-80.0000,0.4443,-80.8930,1.2696
2630,355.0000,-75.0000,3.9066,-51.7486,23.5303
2631,355.0000,-70.0000,356.9180,-69.0656,1.1500
2632,355.0000,-65.0000,14.3871,-35.2556,31.9317
2633,355.0000,-60.0000,353.4104,-64.0986,4.1654
2634,355.0000,-55.0000,8.3664,-34.6372,22.3731
2635,355.0000,-50.0000,348.1978,-56.7555,7.8719
2636,355.0000,-45.0000,345.2368,-36.6064,11.1668
2637,355.0000,-40.0000,341.3033,-40.0465,10.4784
2638,355.0000,-35.0000,349.7795,-34.1643,4.3780
2639,355.0000,-30.0000,355.0501,-16.3686,13.6315
2640,355.0000,-25.0000,352.4569,-11.2158,13.9932
2641,355.0000,-20.0000,352.6985,-20.4433,2.2047
2642,355.0000,-15.0000,17.1311,-17.6298,21.3893
2643,355.0000,-10.0000,3.9352,-23.5832,16.0384
2644,355.0000,-5.0000,6.4105,-25.6084,23.3281
2645,355.0000,0.0000,348.0574,-13.0407,14.7453
2646,355.0000,5.0000,358.8441,15.5406,11.1968
2647,355.0000,10.0000,348.7521,17.4509,9.6068
2648,355.0000,15.0000,345.6991,10.6739,10.0447
2649,355.0000,20.0000,349.9059,24.2056,6.3203
2650,355.0000,25.0000,349.5439,20.4853,6.7586
2651,355.0000,30.0000,351.3869,22.3671,8.2914
2652,355.0000,35.0000,3.1354,36.7506,6.8181
2653,355.0000,40.0000,358.4719,39.1991,2.7923
2654,355.0000,45.0000,359.0224,38.7770,6.9037
2655,355.0000,50.0000,351.2465,37.5622,12.7253
2656,355.0000,55.0000,350.8780,54.5021,2.4301
2657,355.0000,60.0000,356.3664,61.9906,2.0978
2658,355.0000,65.0000,2.3688,59.8697,6.1515
2659,355.0000,70.0000,1.8801,72.2214,3.1423
2660,355.0000,75.0000,356.6158,73.7736,1.3011
2661,355.0000,80.0000,358.6167,69.9086,10.1301
2662,355.0000,85.0000,8.0303,67.9884,17.1756
2663,355.0000,90.0000,353.0719,85.8053,4.1947
2665,360.0000,-85.0000,1.1433,-72.9365,12.0649
2667,360.0000,-75.0000,351.9428,-66.8703,8.5267
2669,360.0000,-65.0000,10.5731,-48.7598,17.1827
2671,360.0000,-55.0000,12.8279,-34.0594,22.7662
2673,360.0000,-45.0000,357.4779,-32.4007,12.7503
2675,360.0000,-35.0000,359.3842,-23.7275,11.2852
2677,360.0000,-25.0000,340.6695,-8.0134,25.0716
2679,360.0000,-15.0000,14.7454,-23.1772,16.1392
2681,360.0000,-5.0000,21.4849,-13.5639,22.8448
2683,360.0000,5.0000,7.6000,20.4389,17.1152
2685,360.0000,15.0000,349.1431,6.8380,13.4177
2687,360.0000,25.0000,353.2246,24.4917,6.1735
2689,360.0000,35.0000,4.4986,21.6553,13.9149
2691,360.0000,45.0000,3.3883,32.9530,12.3285
2693,360.0000,55.0000,0.2218,54.3617,0.6512
2695,360.0000,65.0000,17.0564,53.3687,14.4480
2697,360.0000,75.0000,2.0429,72.0380,3.0177
2699,360.0000,85.0000,34.5396,65.6319,20.4350
