pose_label,yaw,pitch,roll,ocs_total,src_pkg,region,category,selection_reason
yaw2450_pitchp0275_roll+015,245.0,27.5,15.0,0.20889048,23A,R1_top,23A_refined_topN,forced_top1
yaw2450_pitchp0300_roll+015,245.0,30.0,15.0,0.20837700,P3,R1_top,23A_refined_topN,topN_R1_top
yaw2450_pitchp0325_roll+015,245.0,32.5,15.0,0.20790970,P3,R1_top,23A_refined_topN,topN_R1_top
yaw2450_pitchp0350_roll+015,245.0,35.0,15.0,0.20626715,P3,R1_top,23A_refined_topN,topN_R1_top
yaw2475_pitchp0375_roll+015,247.5,37.5,15.0,0.20560144,P3,R1_high_info,high-info,bright_top40_global
yaw2425_pitchp0225_roll+015,242.5,22.5,15.0,0.20368336,23B,R1_pitch_boundary,23B_combined_topN,topN_R1_pitch_boundary
yaw2475_pitchp0400_roll+015,247.5,40.0,15.0,0.20354554,P3,R1_high_info,high-info,bright_top40_global
yaw2450_pitchp0250_roll+015,245.0,25.0,15.0,0.20322742,23B,R1_pitch_boundary,23B_combined_topN,topN_R1_pitch_boundary
yaw2475_pitchp0325_roll+015,247.5,32.5,15.0,0.20254266,P3,R1_top,23A_refined_topN,topN_R1_top
yaw2475_pitchp0350_roll+015,247.5,35.0,15.0,0.20235811,P3,R1_top,23A_refined_topN,topN_R1_top
yaw2425_pitchp0250_roll+015,242.5,25.0,15.0,0.20202982,23B,R1_pitch_boundary,23B_combined_topN,topN_R1_pitch_boundary
yaw1475_pitchp0125_roll-015,147.5,12.5,-15.0,0.20182255,P3,R4_control,23A_refined_topN,topN_R4_control
yaw1475_pitchp0125_roll-060,147.5,12.5,-60.0,0.20158178,P3,R4_bright_info_boundary,bright/robust-easy + info-boundary,bright_top40_global
yaw2475_pitchp0325_roll+0175,247.5,32.5,17.5,0.20157747,23A,R1_top,23A_refined_topN,topN_R1_top
yaw1475_pitchp0125_roll-045,147.5,12.5,-45.0,0.20154069,P3,R4_bright_info_boundary,bright/robust-easy + info-boundary,bright_top40_global
yaw1475_pitchp0125_roll+000,147.5,12.5,0.0,0.20114613,P3,R4_control,23A_refined_topN,forced_R4_robust
yaw2425_pitchp0275_roll+0125,242.5,27.5,12.5,0.20112067,23A,R1_top,23A_refined_topN,topN_R1_top
yaw1475_pitchp0125_roll-030,147.5,12.5,-30.0,0.20102839,P3,R4_control,23A_refined_topN,topN_R4_control
yaw2450_pitchp0375_roll+015,245.0,37.5,15.0,0.20069478,P3,R1_high_info,high-info,bright_top40_global
yaw2450_pitchp0225_roll+015,245.0,22.5,15.0,0.20067911,23B,R1_pitch_boundary,23B_combined_topN,topN_R1_pitch_boundary
yaw2475_pitchp0350_roll+0175,247.5,35.0,17.5,0.20010020,23A,R1_top,23A_refined_topN,topN_R1_top
yaw2425_pitchp0275_roll+015,242.5,27.5,15.0,0.19927523,23A,R1_top,23A_refined_topN,topN_R1_top
yaw2475_pitchp0300_roll+015,247.5,30.0,15.0,0.19826229,P3,R1_top,23A_refined_topN,topN_R1_top
yaw2450_pitchp0275_roll+0125,245.0,27.5,12.5,0.19780397,23A,R1_top,23A_refined_topN,topN_R1_top
yaw2450_pitchp0300_roll+0125,245.0,30.0,12.5,0.19776537,23A,R1_top,23A_refined_topN,topN_R1_top
yaw1475_pitchp0125_roll+015,147.5,12.5,15.0,0.19740409,P3,R4_control,23A_refined_topN,topN_R4_control
yaw240_pitch+015_roll+015,240.0,15.0,15.0,0.19713083,P2,R1_high_info,high-info,bright_top40_global
yaw2425_pitchp0300_roll+0125,242.5,30.0,12.5,0.19711170,23A,R1_top,23A_refined_topN,topN_R1_top
yaw2450_pitchp0325_roll+0125,245.0,32.5,12.5,0.19685949,23A,R1_top,23A_refined_topN,topN_R1_top
yaw2475_pitchp0300_roll+0175,247.5,30.0,17.5,0.19526324,23A,R1_top,23A_refined_topN,topN_R1_top
yaw245_pitch+020_roll+015,245.0,20.0,15.0,0.19484702,P2,R1_high_info,high-info,bright_top40_global
yaw2425_pitchp0300_roll+015,242.5,30.0,15.0,0.19471525,P3,R1_high_info,high-info,bright_top40_global
yaw1475_pitchp0125_roll+030,147.5,12.5,30.0,0.19414049,P3,R4_bright_info_boundary,bright/robust-easy + info-boundary,bright_top40_global
yaw2450_pitchp0350_roll+0125,245.0,35.0,12.5,0.19404736,23A,unlabeled,unlabeled,bright_top40_global
yaw2450_pitchp0400_roll+015,245.0,40.0,15.0,0.19323078,P3,R1_high_info,high-info,bright_top40_global
yaw2450_pitchp0275_roll+0175,245.0,27.5,17.5,0.19307745,23A,unlabeled,unlabeled,bright_top40_global
yaw1475_pitchp0125_roll+045,147.5,12.5,45.0,0.19273490,P3,R4_bright_info_boundary,bright/robust-easy + info-boundary,bright_top40_global
yaw1475_pitchp0150_roll-015,147.5,15.0,-15.0,0.19263732,P3,R4_bright_info_boundary,bright/robust-easy + info-boundary,bright_top40_global
yaw2475_pitchp0275_roll+015,247.5,27.5,15.0,0.19189717,23A,unlabeled,unlabeled,bright_top40_global
yaw2425_pitchp0325_roll+0125,242.5,32.5,12.5,0.19175607,23A,unlabeled,unlabeled,bright_top40_global
yaw2450_pitchp0325_roll+0175,245.0,32.5,17.5,0.19171193,23A,unlabeled,unlabeled,region_top_unlabeled
yaw1475_pitchp0150_roll-045,147.5,15.0,-45.0,0.19165732,P3,R4_bright_info_boundary,bright/robust-easy + info-boundary,region_top_R4_bright_info_boundary
yaw2450_pitchp0300_roll+0175,245.0,30.0,17.5,0.19156876,23A,unlabeled,unlabeled,region_top_unlabeled
yaw1475_pitchp0125_roll+060,147.5,12.5,60.0,0.19139913,P3,R4_bright_info_boundary,bright/robust-easy + info-boundary,region_top_R4_bright_info_boundary
yaw240_pitch+020_roll+015,240.0,20.0,15.0,0.19111823,P2,R1_high_info,high-info,region_top_R1_high_info
yaw1475_pitchp0150_roll-030,147.5,15.0,-30.0,0.19036755,P3,R4_bright_info_boundary,bright/robust-easy + info-boundary,region_top_R4_bright_info_boundary
yaw2475_pitchp0275_roll+0175,247.5,27.5,17.5,0.18898834,23A,unlabeled,unlabeled,region_top_unlabeled
yaw2450_pitchp0350_roll+0175,245.0,35.0,17.5,0.18849723,23A,unlabeled,unlabeled,region_top_unlabeled
yaw2475_pitchp0250_roll+015,247.5,25.0,15.0,0.18273191,23B,R1_pitch_boundary,23B_combined_topN,topN_R1_pitch_boundary
yaw2475_pitchp0225_roll+015,247.5,22.5,15.0,0.17421928,23B,R1_pitch_boundary,23B_combined_topN,topN_R1_pitch_boundary
yaw140_pitch+015_roll-015,140.0,15.0,-15.0,0.10935809,P2,R4_bright_robust,bright/robust-easy,region_top_R4_bright_robust
yaw140_pitch+015_roll-030,140.0,15.0,-30.0,0.10932171,P2,R4_bright_robust,bright/robust-easy,region_top_R4_bright_robust
yaw140_pitch+015_roll-045,140.0,15.0,-45.0,0.10854892,P2,R4_bright_robust,bright/robust-easy,region_top_R4_bright_robust
yaw140_pitch+015_roll+015,140.0,15.0,15.0,0.10823275,P2,R4_bright_robust,bright/robust-easy,region_top_R4_bright_robust
yaw140_pitch+015_roll+000,140.0,15.0,0.0,0.10820001,01,R4_bright_robust,bright/robust-easy,region_top_R4_bright_robust
yaw140_pitch+010_roll+000,140.0,10.0,0.0,0.10699173,01,R4_bright_robust,bright/robust-easy,region_top_R4_bright_robust
yaw140_pitch+010_roll-030,140.0,10.0,-30.0,0.10690706,P2,R4_bright_robust,bright/robust-easy,region_top_R4_bright_robust
yaw140_pitch+010_roll-015,140.0,10.0,-15.0,0.10616039,P2,R4_bright_robust,bright/robust-easy,region_top_R4_bright_robust
yaw0550_pitchp0600_roll-015,55.0,60.0,-15.0,0.08550375,P3,R3_low_info_connectivity,low-info/ocs-hard,region_top_R3_low_info_connectivity
yaw0550_pitchp0625_roll-015,55.0,62.5,-15.0,0.07717834,P3,R3_low_info_connectivity,low-info/ocs-hard,region_top_R3_low_info_connectivity
yaw0550_pitchp0650_roll-015,55.0,65.0,-15.0,0.07112510,P3,R3_low_info_connectivity,low-info/ocs-hard,region_top_R3_low_info_connectivity
yaw0575_pitchp0700_roll+000,57.5,70.0,0.0,0.07026403,P3,R3_low_info_connectivity,low-info/ocs-hard,region_top_R3_low_info_connectivity
yaw0575_pitchp0650_roll+000,57.5,65.0,0.0,0.06997713,P3,R3_low_info_connectivity,low-info/ocs-hard,region_top_R3_low_info_connectivity
yaw0575_pitchp0675_roll+000,57.5,67.5,0.0,0.06973055,P3,R3_low_info_connectivity,low-info/ocs-hard,region_top_R3_low_info_connectivity
yaw0575_pitchp0625_roll+000,57.5,62.5,0.0,0.06947678,P3,R3_low_info_connectivity,low-info/ocs-hard,region_top_R3_low_info_connectivity
yaw0575_pitchp0600_roll+000,57.5,60.0,0.0,0.06942464,P3,R3_low_info_connectivity,low-info/ocs-hard,region_top_R3_low_info_connectivity
yaw060_pitch+080_roll+000,60.0,80.0,0.0,0.06887131,01,R3_low_info,low-info/ocs-hard,region_top_R3_low_info
yaw060_pitch+075_roll+000,60.0,75.0,0.0,0.06868044,01,R3_low_info,low-info/ocs-hard,region_top_R3_low_info
yaw055_pitch+080_roll+000,55.0,80.0,0.0,0.06783147,01,R3_low_info,low-info/ocs-hard,region_top_R3_low_info
yaw055_pitch+075_roll+000,55.0,75.0,0.0,0.06736573,01,R3_low_info,low-info/ocs-hard,region_top_R3_low_info
yaw055_pitch+060_roll+000,55.0,60.0,0.0,0.06625763,01,R3_low_info_connectivity,low-info/ocs-hard,forced_R3_negative
yaw065_pitch+080_roll+000,65.0,80.0,0.0,0.05331339,01,R3_low_info,low-info/ocs-hard,region_top_R3_low_info
yaw065_pitch+075_roll+000,65.0,75.0,0.0,0.05287804,01,R3_low_info,low-info/ocs-hard,region_top_R3_low_info
yaw055_pitch+075_roll-015,55.0,75.0,-15.0,0.05145380,P2,R3_low_info,low-info/ocs-hard,region_top_R3_low_info
yaw075_pitch+080_roll+015,75.0,80.0,15.0,0.04813331,P2,R3_low_info,low-info/ocs-hard,region_top_R3_low_info
yaw2850_pitchm0850_roll+045,285.0,-85.0,45.0,0.03591157,P3,R2_control,dark/roll-sensitive-control,region_top_R2_control
yaw2800_pitchm0850_roll+045,280.0,-85.0,45.0,0.03566181,P3,R2_control,dark/roll-sensitive-control,region_top_R2_control
yaw140_pitch+025_roll+045,140.0,25.0,45.0,0.03442476,P2,R4_bright_robust,bright/robust-easy,region_bottom_R4_bright_robust
yaw275_pitch-085_roll+060,275.0,-85.0,60.0,0.03441612,P2,R2_dark_rollsens,dark/roll-sensitive,region_top_R2_dark_rollsens
yaw140_pitch+025_roll-060,140.0,25.0,-60.0,0.03437422,P2,R4_bright_robust,bright/robust-easy,region_bottom_R4_bright_robust
yaw295_pitch-085_roll+030,295.0,-85.0,30.0,0.03392995,P2,R2_dark_rollsens,dark/roll-sensitive,region_top_R2_dark_rollsens
yaw160_pitch+005_roll+045,160.0,5.0,45.0,0.03250931,P2,R4_bright_robust,bright/robust-easy,region_bottom_R4_bright_robust
yaw290_pitch-085_roll+045,290.0,-85.0,45.0,0.03250524,P2,R2_dark_rollsens,dark/roll-sensitive,region_top_R2_dark_rollsens
yaw2800_pitchm0850_roll-045,280.0,-85.0,-45.0,0.03242260,P3,R2_control,dark/roll-sensitive-control,region_top_R2_control
yaw160_pitch+005_roll+060,160.0,5.0,60.0,0.03186044,P2,R4_bright_robust,bright/robust-easy,region_bottom_R4_bright_robust
yaw2850_pitchm0800_roll+045,285.0,-80.0,45.0,0.03157381,P3,R2_control,dark/roll-sensitive-control,region_top_R2_control
yaw2850_pitchm0850_roll-045,285.0,-85.0,-45.0,0.03154575,P3,R2_control,dark/roll-sensitive-control,region_top_R2_control
yaw275_pitch-085_roll+045,275.0,-85.0,45.0,0.03150469,P2,R2_dark_rollsens,dark/roll-sensitive,region_top_R2_dark_rollsens
yaw275_pitch-080_roll+060,275.0,-80.0,60.0,0.03108933,P2,R2_dark_rollsens,dark/roll-sensitive,region_top_R2_dark_rollsens
yaw295_pitch-085_roll-060,295.0,-85.0,-60.0,0.03049311,P2,R2_dark_rollsens,dark/roll-sensitive,region_top_R2_dark_rollsens
yaw290_pitch-085_roll+030,290.0,-85.0,30.0,0.03048280,P2,R2_dark_rollsens,dark/roll-sensitive,region_top_R2_dark_rollsens
yaw2800_pitchm0800_roll+045,280.0,-80.0,45.0,0.03037510,P3,R2_control,dark/roll-sensitive-control,region_top_R2_control
yaw2800_pitchm0850_roll+060,280.0,-85.0,60.0,0.02976344,P3,R2_control,dark/roll-sensitive-control,region_top_R2_control
yaw295_pitch-085_roll+045,295.0,-85.0,45.0,0.02933454,P2,R2_dark_rollsens,dark/roll-sensitive,region_top_R2_dark_rollsens
yaw2800_pitchm0800_roll+060,280.0,-80.0,60.0,0.02740198,P3,R2_control,dark/roll-sensitive-control,region_top_R2_control
yaw1600_pitchp0250_roll+015,160.0,25.0,15.0,0.02485918,P3,R4_bright_info_boundary,bright/robust-easy + info-boundary,region_bottom_R4_bright_info_boundary
yaw2100_pitchm0050_roll+015,210.0,-5.0,15.0,0.02404943,P3,R5_control,neutral-control,region_top_R5_control
yaw1600_pitchp0250_roll+030,160.0,25.0,30.0,0.02392281,P3,R4_bright_info_boundary,bright/robust-easy + info-boundary,region_bottom_R4_bright_info_boundary
yaw1600_pitchp0250_roll+045,160.0,25.0,45.0,0.02383018,P3,R4_bright_info_boundary,bright/robust-easy + info-boundary,region_bottom_R4_bright_info_boundary
yaw210_pitch+000_roll+015,210.0,0.0,15.0,0.02362855,P2,R5_neutral,neutral-control,region_top_R5_neutral
yaw1600_pitchp0250_roll+060,160.0,25.0,60.0,0.02358512,P3,R4_bright_info_boundary,bright/robust-easy + info-boundary,region_bottom_R4_bright_info_boundary
yaw2100_pitchm0100_roll+015,210.0,-10.0,15.0,0.02353417,P3,R5_control,neutral-control,region_top_R5_control
yaw210_pitch+005_roll+015,210.0,5.0,15.0,0.02318248,P2,R5_neutral,neutral-control,region_top_R5_neutral
yaw210_pitch+010_roll+015,210.0,10.0,15.0,0.02239743,P2,R5_neutral,neutral-control,region_top_R5_neutral
yaw2100_pitchm0100_roll+030,210.0,-10.0,30.0,0.02227096,P3,R5_control,neutral-control,region_top_R5_control
yaw210_pitch-010_roll+000,210.0,-10.0,0.0,0.02108413,01,R5_control,neutral-control,region_top_R5_control
yaw210_pitch+010_roll+000,210.0,10.0,0.0,0.02100427,01,R5_neutral,neutral-control,region_top_R5_neutral
yaw2050_pitchm0100_roll+015,205.0,-10.0,15.0,0.02095003,P3,R5_control,neutral-control,region_top_R5_control
yaw210_pitch-005_roll+000,210.0,-5.0,0.0,0.02091657,01,R5_control,neutral-control,region_top_R5_control
yaw2050_pitchm0050_roll+015,205.0,-5.0,15.0,0.02088916,P3,R5_control,neutral-control,region_top_R5_control
yaw2100_pitchm0050_roll+030,210.0,-5.0,30.0,0.02076911,P3,R5_control,neutral-control,region_top_R5_control
yaw210_pitch+000_roll+000,210.0,0.0,0.0,0.02076138,01,R5_neutral,neutral-control,region_top_R5_neutral
yaw210_pitch+005_roll+000,210.0,5.0,0.0,0.02071600,01,R5_neutral,neutral-control,region_top_R5_neutral
yaw190_pitch-010_roll+030,190.0,-10.0,30.0,0.02059212,P2,R5_neutral,neutral-control,region_top_R5_neutral
yaw205_pitch+005_roll+015,205.0,5.0,15.0,0.02036964,P2,R5_neutral,neutral-control,region_top_R5_neutral
yaw235_pitch+035_roll+060,235.0,35.0,60.0,0.02002093,P2,R1_high_info,high-info,region_bottom_R1_high_info
yaw230_pitch+025_roll+060,230.0,25.0,60.0,0.01958523,P2,R1_high_info,high-info,region_bottom_R1_high_info
yaw230_pitch+030_roll+060,230.0,30.0,60.0,0.01955692,P2,R1_high_info,high-info,region_bottom_R1_high_info
yaw230_pitch+035_roll+060,230.0,35.0,60.0,0.01917412,P2,R1_high_info,high-info,region_bottom_R1_high_info
yaw2100_pitchm0100_roll+060,210.0,-10.0,60.0,0.01488927,P3,R5_control,neutral-control,region_bottom_R5_control
yaw2100_pitchm0050_roll+060,210.0,-5.0,60.0,0.01445543,P3,R5_control,neutral-control,region_bottom_R5_control
yaw060_pitch+080_roll+060,60.0,80.0,60.0,0.01360391,P2,R3_low_info,low-info/ocs-hard,region_bottom_R3_low_info
yaw065_pitch+075_roll+060,65.0,75.0,60.0,0.01358642,P2,R3_low_info,low-info/ocs-hard,region_bottom_R3_low_info
yaw2050_pitchm0100_roll+060,205.0,-10.0,60.0,0.01356113,P3,R5_control,neutral-control,region_bottom_R5_control
yaw060_pitch+075_roll+060,60.0,75.0,60.0,0.01352417,P2,R3_low_info,low-info/ocs-hard,region_bottom_R3_low_info
yaw075_pitch+060_roll-045,75.0,60.0,-45.0,0.01339516,P2,R3_low_info,low-info/ocs-hard,region_bottom_R3_low_info
yaw2050_pitchm0050_roll+060,205.0,-5.0,60.0,0.01310519,P3,R5_control,neutral-control,region_bottom_R5_control
yaw0650_pitchp0625_roll+060,65.0,62.5,60.0,0.01277641,P3,R3_low_info_connectivity,low-info/ocs-hard,region_bottom_R3_low_info_connectivity
yaw0650_pitchp0600_roll+060,65.0,60.0,60.0,0.01277507,P3,R3_low_info_connectivity,low-info/ocs-hard,region_bottom_R3_low_info_connectivity
yaw0625_pitchp0600_roll+060,62.5,60.0,60.0,0.01265639,P3,R3_low_info_connectivity,low-info/ocs-hard,region_bottom_R3_low_info_connectivity
yaw0625_pitchp0625_roll+060,62.5,62.5,60.0,0.01253981,P3,R3_low_info_connectivity,low-info/ocs-hard,region_bottom_R3_low_info_connectivity
yaw195_pitch+005_roll+060,195.0,5.0,60.0,0.01198183,P2,R5_neutral,neutral-control,region_bottom_R5_neutral
yaw190_pitch+010_roll+060,190.0,10.0,60.0,0.01197166,P2,R5_neutral,neutral-control,region_bottom_R5_neutral
yaw200_pitch+010_roll+060,200.0,10.0,60.0,0.01191062,P2,R5_neutral,neutral-control,region_bottom_R5_neutral
yaw280_pitch-085_roll+000,280.0,-85.0,0.0,0.01188527,01,R2_control,dark/roll-sensitive-control,region_bottom_R2_control
yaw280_pitch-080_roll+000,280.0,-80.0,0.0,0.01180178,01,R2_control,dark/roll-sensitive-control,region_bottom_R2_control
yaw195_pitch+010_roll+060,195.0,10.0,60.0,0.01175905,P2,R5_neutral,neutral-control,region_bottom_R5_neutral
yaw285_pitch-080_roll+000,285.0,-80.0,0.0,0.01143705,01,R2_control,dark/roll-sensitive-control,region_bottom_R2_control
yaw285_pitch-085_roll+000,285.0,-85.0,0.0,0.01139125,01,R2_control,dark/roll-sensitive-control,region_bottom_R2_control
yaw290_pitch-080_roll+000,290.0,-80.0,0.0,0.01132902,01,R2_dark_rollsens,dark/roll-sensitive,dark_bottom20_global
yaw290_pitch-075_roll+000,290.0,-75.0,0.0,0.01130033,01,R2_dark_rollsens,dark/roll-sensitive,dark_bottom20_global
yaw285_pitch-090_roll+000,285.0,-90.0,0.0,0.01123913,01,unlabeled,unlabeled,region_bottom_unlabeled
yaw290_pitch-060_roll+000,290.0,-60.0,0.0,0.01122717,01,unlabeled,unlabeled,region_bottom_unlabeled
yaw280_pitch-070_roll+000,280.0,-70.0,0.0,0.01118219,01,R2_dark_rollsens,dark/roll-sensitive,dark_bottom20_global
yaw290_pitch-090_roll+000,290.0,-90.0,0.0,0.01117430,01,unlabeled,unlabeled,region_bottom_unlabeled
yaw295_pitch-075_roll-015,295.0,-75.0,-15.0,0.01116049,P2,R2_dark_rollsens,dark/roll-sensitive,dark_bottom20_global
yaw275_pitch-075_roll+015,275.0,-75.0,15.0,0.01113513,P2,R2_dark_rollsens,dark/roll-sensitive,dark_bottom20_global
yaw280_pitch-065_roll+000,280.0,-65.0,0.0,0.01112832,01,R2_dark_rollsens,dark/roll-sensitive,dark_bottom20_global
yaw290_pitch-085_roll+000,290.0,-85.0,0.0,0.01108956,01,R2_dark_rollsens,dark/roll-sensitive,dark_bottom20_global
yaw285_pitch-075_roll+000,285.0,-75.0,0.0,0.01107836,01,R2_dark_rollsens,dark/roll-sensitive,dark_bottom20_global
yaw275_pitch-065_roll+015,275.0,-65.0,15.0,0.01104089,P2,R2_dark_rollsens,dark/roll-sensitive,dark_bottom20_global
yaw285_pitch-060_roll+000,285.0,-60.0,0.0,0.01103356,01,unlabeled,unlabeled,region_bottom_unlabeled
yaw275_pitch-070_roll+015,275.0,-70.0,15.0,0.01097729,P2,R2_dark_rollsens,dark/roll-sensitive,dark_bottom20_global
yaw295_pitch-070_roll-015,295.0,-70.0,-15.0,0.01087511,P2,R2_dark_rollsens,dark/roll-sensitive,dark_bottom20_global
yaw295_pitch-065_roll-015,295.0,-65.0,-15.0,0.01086861,P2,R2_dark_rollsens,dark/roll-sensitive,dark_bottom20_global
yaw285_pitch-065_roll+000,285.0,-65.0,0.0,0.01073014,01,R2_dark_rollsens,dark/roll-sensitive,region_bottom_R2_dark_rollsens
yaw290_pitch-065_roll+000,290.0,-65.0,0.0,0.01071871,01,R2_dark_rollsens,dark/roll-sensitive,region_bottom_R2_dark_rollsens
yaw290_pitch-070_roll+000,290.0,-70.0,0.0,0.01068321,01,R2_dark_rollsens,dark/roll-sensitive,region_bottom_R2_dark_rollsens
yaw285_pitch-070_roll+000,285.0,-70.0,0.0,0.01062832,01,R2_dark_rollsens,dark/roll-sensitive,region_bottom_R2_dark_rollsens
