geom_id,pose_id,recomputed_ocs_total,ref_ocs_total,rel_diff,verdict
H00_baseline,A_top1,0.2088904942,0.2088904828,5.488e-08,OK
H00_baseline,B_R4,0.2011461250,0.2011461258,4.180e-09,OK
H00_baseline,C_R3,0.0662576315,0.0662576333,2.691e-08,OK
H00_baseline,D1,0.2083770065,0.2083770037,1.381e-08,OK
H00_baseline,D2,0.2079097220,0.2079097033,9.020e-08,OK
H00_baseline,D3,0.2056014477,0.2056014389,4.285e-08,OK
H00_baseline,D4,0.2036833659,0.2036833614,2.207e-08,OK
H00_baseline,D5_roll125,0.1978039768,0.1978039742,1.349e-08,OK
H00_baseline,D6_roll175,0.1952632300,0.1952632368,3.461e-08,OK
H00_baseline,E1_R4roll-15,0.2018225626,0.2018225491,6.695e-08,OK
H00_baseline,E2_R4roll+15,0.1974040957,0.1974040866,4.615e-08,OK
H00_baseline,F1_edge,0.1992752300,0.1992752254,2.319e-08,OK
H00_baseline,F2_edge,0.1982623048,0.1982622892,7.866e-08,OK
H00_baseline,F3_edge,0.1971308232,0.1971308291,2.995e-08,OK
Hsp_v0,A_top1,0.1695914704,0.1695914567,8.092e-08,OK
Hsp_v0,B_R4,0.1718257263,0.1718257219,2.571e-08,OK
Hsp_v0,C_R3,0.1309957717,0.1309957653,4.901e-08,OK
Hsp_v0,D1,0.1727713209,0.1727713197,6.672e-09,OK
Hsp_v0,D2,0.1761337307,0.1761337221,4.886e-08,OK
Hsp_v0,D3,0.1883013555,0.1883013397,8.342e-08,OK
Hsp_v0,D4,0.1559930751,0.1559930593,1.013e-07,OK
Hsp_v0,D5_roll125,0.1952824050,0.1952823997,2.721e-08,OK
Hsp_v0,D6_roll175,0.1381877596,0.1381877661,4.665e-08,OK
Hsp_v0,E1_R4roll-15,0.1724721345,0.1724721193,8.814e-08,OK
Hsp_v0,E2_R4roll+15,0.1683526041,0.1683525890,8.944e-08,OK
Hsp_v0,F1_edge,0.1581010810,0.1581010818,5.319e-09,OK
Hsp_v0,F2_edge,0.1685444160,0.1685444266,6.268e-08,OK
Hsp_v0,F3_edge,0.1427587761,0.1427587718,3.032e-08,OK
Hsm_v0,A_top1,0.1807215152,0.1807215065,4.807e-08,OK
Hsm_v0,B_R4,0.1631290725,0.1631290615,6.776e-08,OK
Hsm_v0,C_R3,0.0395371496,0.0395371467,7.401e-08,OK
Hsm_v0,D1,0.1766311415,0.1766311228,1.056e-07,OK
Hsm_v0,D2,0.1727197533,0.1727197468,3.742e-08,OK
Hsm_v0,D3,0.1575345507,0.1575345546,2.467e-08,OK
Hsm_v0,D4,0.1884208274,0.1884208173,5.406e-08,OK
Hsm_v0,D5_roll125,0.1411407011,0.1411406845,1.174e-07,OK
Hsm_v0,D6_roll175,0.1949306163,0.1949306130,1.691e-08,OK
Hsm_v0,E1_R4roll-15,0.1640557291,0.1640557200,5.554e-08,OK
Hsm_v0,E2_R4roll+15,0.1600990809,0.1600990891,5.152e-08,OK
Hsm_v0,F1_edge,0.1790189128,0.1790189147,1.052e-08,OK
Hsm_v0,F2_edge,0.1626288385,0.1626288295,5.525e-08,OK
Hsm_v0,F3_edge,0.1944742416,0.1944742352,3.309e-08,OK
Hs0_vp,A_top1,0.1875115940,0.1875115931,4.544e-09,OK
Hs0_vp,B_R4,0.1689455855,0.1689455658,1.163e-07,OK
Hs0_vp,C_R3,0.0397935134,0.0397935137,7.616e-09,OK
Hs0_vp,D1,0.1811452836,0.1811452806,1.641e-08,OK
Hs0_vp,D2,0.1755050764,0.1755050868,5.933e-08,OK
Hs0_vp,D3,0.1644652653,0.1644652635,1.073e-08,OK
Hs0_vp,D4,0.1903163094,0.1903163046,2.524e-08,OK
Hs0_vp,D5_roll125,0.1489721720,0.1489721686,2.278e-08,OK
Hs0_vp,D6_roll175,0.2049153142,0.2049153298,7.618e-08,OK
Hs0_vp,E1_R4roll-15,0.1687438997,0.1687438935,3.645e-08,OK
Hs0_vp,E2_R4roll+15,0.1665172520,0.1665172577,3.391e-08,OK
Hs0_vp,F1_edge,0.1765480288,0.1765480191,5.533e-08,OK
Hs0_vp,F2_edge,0.1749292293,0.1749292314,1.228e-08,OK
Hs0_vp,F3_edge,0.1950487709,0.1950487643,3.372e-08,OK
Hs0_vm,A_top1,0.1639658218,0.1639658213,3.175e-09,OK
Hs0_vm,B_R4,0.1637257883,0.1637257785,6.007e-08,OK
Hs0_vm,C_R3,0.1324436907,0.1324436814,7.038e-08,OK
Hs0_vm,D1,0.1683293675,0.1683293432,1.443e-07,OK
Hs0_vm,D2,0.1735908402,0.1735908240,9.321e-08,OK
Hs0_vm,D3,0.1811197354,0.1811197251,5.663e-08,OK
Hs0_vm,D4,0.1520997845,0.1520997882,2.429e-08,OK
Hs0_vm,D5_roll125,0.1854873958,0.1854874045,4.666e-08,OK
Hs0_vm,D6_roll175,0.1324827662,0.1324827671,6.648e-09,OK
Hs0_vm,E1_R4roll-15,0.1674830004,0.1674829870,7.957e-08,OK
Hs0_vm,E2_R4roll+15,0.1622324343,0.1622324288,3.389e-08,OK
Hs0_vm,F1_edge,0.1567886748,0.1567886770,1.417e-08,OK
Hs0_vm,F2_edge,0.1586395236,0.1586395204,2.033e-08,OK
Hs0_vm,F3_edge,0.1361619291,0.1361619234,4.197e-08,OK
Hsp_vp,A_top1,0.2103959081,0.2103959024,2.705e-08,OK
Hsp_vp,B_R4,0.2025701180,0.2025701106,3.659e-08,OK
Hsp_vp,C_R3,0.0652526587,0.0652526543,6.806e-08,OK
Hsp_vp,D1,0.2077397896,0.2077397853,2.052e-08,OK
Hsp_vp,D2,0.2055360338,0.2055360228,5.372e-08,OK
Hsp_vp,D3,0.2081372425,0.2081372291,6.442e-08,OK
Hsp_vp,D4,0.2012261442,0.2012261152,1.440e-07,OK
Hsp_vp,D5_roll125,0.2021032537,0.2021032572,1.717e-08,OK
Hsp_vp,D6_roll175,0.1988244522,0.1988244355,8.434e-08,OK
Hsp_vp,E1_R4roll-15,0.2021504035,0.2021504045,4.515e-09,OK
Hsp_vp,E2_R4roll+15,0.1999580403,0.1999580264,6.949e-08,OK
Hsp_vp,F1_edge,0.1928921522,0.1928921640,6.137e-08,OK
Hsp_vp,F2_edge,0.2054222231,0.2054222077,7.492e-08,OK
Hsp_vp,F3_edge,0.1942031317,0.1942031384,3.426e-08,OK
Hsp_vm,A_top1,0.1003870463,0.1003870443,2.051e-08,OK
Hsp_vm,B_R4,0.1009691628,0.1009691581,4.643e-08,OK
Hsp_vm,C_R3,0.2255567476,0.2255567312,7.281e-08,OK
Hsp_vm,D1,0.1043638479,0.1043638438,3.897e-08,OK
Hsp_vm,D2,0.1092217728,0.1092217639,8.121e-08,OK
Hsp_vm,D3,0.1215590932,0.1215590909,1.874e-08,OK
Hsp_vm,D4,0.0897265990,0.0897265971,2.107e-08,OK
Hsp_vm,D5_roll125,0.1326932329,0.1326932311,1.339e-08,OK
Hsp_vm,D6_roll175,0.0747757935,0.0747757927,1.145e-08,OK
Hsp_vm,E1_R4roll-15,0.1040169539,0.1040169522,1.588e-08,OK
Hsp_vm,E2_R4roll+15,0.0995948187,0.0995948166,2.106e-08,OK
Hsp_vm,F1_edge,0.0947229835,0.0947229788,4.963e-08,OK
Hsp_vm,F2_edge,0.1009039520,0.1009039432,8.783e-08,OK
Hsp_vm,F3_edge,0.0781462393,0.0781462342,6.648e-08,OK
Hsm_vp,A_top1,0.1217312147,0.1217312142,3.753e-09,OK
Hsm_vp,B_R4,0.1025274725,0.1025274694,3.045e-08,OK
Hsm_vp,C_R3,0.0329631476,0.0329631492,4.938e-08,OK
Hsm_vp,D1,0.1158465982,0.1158465967,1.365e-08,OK
Hsm_vp,D2,0.1109302589,0.1109302565,2.163e-08,OK
Hsm_vp,D3,0.0975852005,0.0975852087,8.394e-08,OK
Hsm_vp,D4,0.1308184584,0.1308184564,1.542e-08,OK
Hsm_vp,D5_roll125,0.0845491507,0.0845491439,8.087e-08,OK
Hsm_vp,D6_roll175,0.1499152184,0.1499152035,9.941e-08,OK
Hsm_vp,E1_R4roll-15,0.1030990824,0.1030990854,2.908e-08,OK
Hsm_vp,E2_R4roll+15,0.1005048105,0.1005048081,2.350e-08,OK
Hsm_vp,F1_edge,0.1189088734,0.1189088672,5.182e-08,OK
Hsm_vp,F2_edge,0.1089840286,0.1089840233,4.789e-08,OK
Hsm_vp,F3_edge,0.1418304092,0.1418304145,3.778e-08,OK
Hsm_vm,A_top1,0.1966460798,0.1966460943,7.360e-08,OK
Hsm_vm,B_R4,0.1874964669,0.1874964684,8.289e-09,OK
Hsm_vm,C_R3,0.0660535175,0.0660535172,4.497e-09,OK
Hsm_vm,D1,0.1982841453,0.1982841343,5.575e-08,OK
Hsm_vm,D2,0.2001110748,0.2001110613,6.713e-08,OK
Hsm_vm,D3,0.1921626708,0.1921626776,3.583e-08,OK
Hsm_vm,D4,0.1947553270,0.1947553307,1.897e-08,OK
Hsm_vm,D5_roll125,0.1819402193,0.1819402128,3.534e-08,OK
Hsm_vm,D6_roll175,0.1815331222,0.1815331131,4.986e-08,OK
Hsm_vm,E1_R4roll-15,0.1912106404,0.1912106425,1.076e-08,OK
Hsm_vm,E2_R4roll+15,0.1860510810,0.1860510856,2.474e-08,OK
Hsm_vm,F1_edge,0.1948120650,0.1948120743,4.752e-08,OK
Hsm_vm,F2_edge,0.1799203770,0.1799203604,9.201e-08,OK
Hsm_vm,F3_edge,0.1848067897,0.1848067790,5.792e-08,OK
