geom_id,pose_id,label,camera_exr_src,sun_exr_src,ocs_total,image_usable,status,failed_reason
G0_baseline,A_top1,yaw2450_pitchp0275_roll+015,REUSED_BASELINE,REUSED_BASELINE,0.20889048278331757,True,COMPLETE,
G0_baseline,B_R4,yaw1475_pitchp0125_roll+000,REUSED_BASELINE,REUSED_BASELINE,0.20114612579345703,True,COMPLETE,
G0_baseline,C_R3,yaw055_pitch+060_roll+000,REUSED_BASELINE,REUSED_BASELINE,0.06625763326883316,True,COMPLETE,
G0_baseline,D1,yaw2450_pitchp0300_roll+015,REUSED_BASELINE,REUSED_BASELINE,0.20837700366973877,True,COMPLETE,
G0_baseline,D2,yaw2450_pitchp0325_roll+015,REUSED_BASELINE,REUSED_BASELINE,0.2079097032546997,True,COMPLETE,
G0_baseline,D3,yaw2475_pitchp0375_roll+015,REUSED_BASELINE,REUSED_BASELINE,0.20560143887996674,True,COMPLETE,
G0_baseline,D4,yaw2425_pitchp0225_roll+015,REUSED_BASELINE,REUSED_BASELINE,0.20368336141109467,True,COMPLETE,
G0_baseline,D5_roll125,yaw2450_pitchp0275_roll+0125,REUSED_BASELINE,REUSED_BASELINE,0.19780397415161133,True,COMPLETE,
G0_baseline,D6_roll175,yaw2475_pitchp0300_roll+0175,REUSED_BASELINE,REUSED_BASELINE,0.19526323676109314,True,COMPLETE,
G0_baseline,E1_R4roll-15,yaw1475_pitchp0125_roll-015,REUSED_BASELINE,REUSED_BASELINE,0.20182254910469055,True,COMPLETE,
G0_baseline,E2_R4roll+15,yaw1475_pitchp0125_roll+015,REUSED_BASELINE,REUSED_BASELINE,0.19740408658981323,True,COMPLETE,
G0_baseline,F1_edge,yaw2425_pitchp0275_roll+015,REUSED_BASELINE,REUSED_BASELINE,0.19927522540092468,True,COMPLETE,
G0_baseline,F2_edge,yaw2475_pitchp0300_roll+015,REUSED_BASELINE,REUSED_BASELINE,0.1982622891664505,True,COMPLETE,
G0_baseline,F3_edge,yaw240_pitch+015_roll+015,REUSED_BASELINE,REUSED_BASELINE,0.19713082909584045,True,COMPLETE,
G1_sun_plus,A_top1,yaw2450_pitchp0275_roll+015,REUSED_BASELINE,NEW_26,0.16959145665168762,True,COMPLETE,
G1_sun_plus,B_R4,yaw1475_pitchp0125_roll+000,REUSED_BASELINE,NEW_26,0.17182572185993195,True,COMPLETE,
G1_sun_plus,C_R3,yaw055_pitch+060_roll+000,REUSED_BASELINE,NEW_26,0.1309957653284073,True,COMPLETE,
G1_sun_plus,D1,yaw2450_pitchp0300_roll+015,REUSED_BASELINE,NEW_26,0.17277131974697113,True,COMPLETE,
G1_sun_plus,D2,yaw2450_pitchp0325_roll+015,REUSED_BASELINE,NEW_26,0.17613372206687927,True,COMPLETE,
G1_sun_plus,D3,yaw2475_pitchp0375_roll+015,REUSED_BASELINE,NEW_26,0.18830133974552155,True,COMPLETE,
G1_sun_plus,D4,yaw2425_pitchp0225_roll+015,REUSED_BASELINE,NEW_26,0.15599305927753448,True,COMPLETE,
G1_sun_plus,D5_roll125,yaw2450_pitchp0275_roll+0125,REUSED_BASELINE,NEW_26,0.19528239965438843,True,COMPLETE,
G1_sun_plus,D6_roll175,yaw2475_pitchp0300_roll+0175,REUSED_BASELINE,NEW_26,0.13818776607513428,True,COMPLETE,
G1_sun_plus,E1_R4roll-15,yaw1475_pitchp0125_roll-015,REUSED_BASELINE,NEW_26,0.17247211933135986,True,COMPLETE,
G1_sun_plus,E2_R4roll+15,yaw1475_pitchp0125_roll+015,REUSED_BASELINE,NEW_26,0.16835258901119232,True,COMPLETE,
G1_sun_plus,F1_edge,yaw2425_pitchp0275_roll+015,REUSED_BASELINE,NEW_26,0.15810108184814453,True,COMPLETE,
G1_sun_plus,F2_edge,yaw2475_pitchp0300_roll+015,REUSED_BASELINE,NEW_26,0.16854442656040192,True,COMPLETE,
G1_sun_plus,F3_edge,yaw240_pitch+015_roll+015,REUSED_BASELINE,NEW_26,0.14275877177715302,True,COMPLETE,
G2_sun_minus,A_top1,yaw2450_pitchp0275_roll+015,REUSED_BASELINE,NEW_26,0.18072150647640228,True,COMPLETE,
G2_sun_minus,B_R4,yaw1475_pitchp0125_roll+000,REUSED_BASELINE,NEW_26,0.163129061460495,True,COMPLETE,
G2_sun_minus,C_R3,yaw055_pitch+060_roll+000,REUSED_BASELINE,NEW_26,0.03953714668750763,True,COMPLETE,
G2_sun_minus,D1,yaw2450_pitchp0300_roll+015,REUSED_BASELINE,NEW_26,0.1766311228275299,True,COMPLETE,
G2_sun_minus,D2,yaw2450_pitchp0325_roll+015,REUSED_BASELINE,NEW_26,0.17271974682807922,True,COMPLETE,
G2_sun_minus,D3,yaw2475_pitchp0375_roll+015,REUSED_BASELINE,NEW_26,0.15753455460071564,True,COMPLETE,
G2_sun_minus,D4,yaw2425_pitchp0225_roll+015,REUSED_BASELINE,NEW_26,0.18842081725597382,True,COMPLETE,
G2_sun_minus,D5_roll125,yaw2450_pitchp0275_roll+0125,REUSED_BASELINE,NEW_26,0.14114068448543549,True,COMPLETE,
G2_sun_minus,D6_roll175,yaw2475_pitchp0300_roll+0175,REUSED_BASELINE,NEW_26,0.19493061304092407,True,COMPLETE,
G2_sun_minus,E1_R4roll-15,yaw1475_pitchp0125_roll-015,REUSED_BASELINE,NEW_26,0.1640557199716568,True,COMPLETE,
G2_sun_minus,E2_R4roll+15,yaw1475_pitchp0125_roll+015,REUSED_BASELINE,NEW_26,0.1600990891456604,True,COMPLETE,
G2_sun_minus,F1_edge,yaw2425_pitchp0275_roll+015,REUSED_BASELINE,NEW_26,0.17901891469955444,True,COMPLETE,
G2_sun_minus,F2_edge,yaw2475_pitchp0300_roll+015,REUSED_BASELINE,NEW_26,0.16262882947921753,True,COMPLETE,
G2_sun_minus,F3_edge,yaw240_pitch+015_roll+015,REUSED_BASELINE,NEW_26,0.1944742351770401,True,COMPLETE,
G3_view_plus,A_top1,yaw2450_pitchp0275_roll+015,NEW_26,REUSED_BASELINE,0.1875115931034088,True,COMPLETE,
G3_view_plus,B_R4,yaw1475_pitchp0125_roll+000,NEW_26,REUSED_BASELINE,0.1689455658197403,True,COMPLETE,
G3_view_plus,C_R3,yaw055_pitch+060_roll+000,NEW_26,REUSED_BASELINE,0.03979351371526718,True,COMPLETE,
G3_view_plus,D1,yaw2450_pitchp0300_roll+015,NEW_26,REUSED_BASELINE,0.18114528059959412,True,COMPLETE,
G3_view_plus,D2,yaw2450_pitchp0325_roll+015,NEW_26,REUSED_BASELINE,0.17550508677959442,True,COMPLETE,
G3_view_plus,D3,yaw2475_pitchp0375_roll+015,NEW_26,REUSED_BASELINE,0.1644652634859085,True,COMPLETE,
G3_view_plus,D4,yaw2425_pitchp0225_roll+015,NEW_26,REUSED_BASELINE,0.190316304564476,True,COMPLETE,
G3_view_plus,D5_roll125,yaw2450_pitchp0275_roll+0125,NEW_26,REUSED_BASELINE,0.14897216856479645,True,COMPLETE,
G3_view_plus,D6_roll175,yaw2475_pitchp0300_roll+0175,NEW_26,REUSED_BASELINE,0.20491532981395721,True,COMPLETE,
G3_view_plus,E1_R4roll-15,yaw1475_pitchp0125_roll-015,NEW_26,REUSED_BASELINE,0.16874389350414276,True,COMPLETE,
G3_view_plus,E2_R4roll+15,yaw1475_pitchp0125_roll+015,NEW_26,REUSED_BASELINE,0.1665172576904297,True,COMPLETE,
G3_view_plus,F1_edge,yaw2425_pitchp0275_roll+015,NEW_26,REUSED_BASELINE,0.17654801905155182,True,COMPLETE,
G3_view_plus,F2_edge,yaw2475_pitchp0300_roll+015,NEW_26,REUSED_BASELINE,0.17492923140525818,True,COMPLETE,
G3_view_plus,F3_edge,yaw240_pitch+015_roll+015,NEW_26,REUSED_BASELINE,0.1950487643480301,True,COMPLETE,
G4_view_minus,A_top1,yaw2450_pitchp0275_roll+015,NEW_26,REUSED_BASELINE,0.16396582126617432,True,COMPLETE,
G4_view_minus,B_R4,yaw1475_pitchp0125_roll+000,NEW_26,REUSED_BASELINE,0.16372577846050262,True,COMPLETE,
G4_view_minus,C_R3,yaw055_pitch+060_roll+000,NEW_26,REUSED_BASELINE,0.13244368135929108,True,COMPLETE,
G4_view_minus,D1,yaw2450_pitchp0300_roll+015,NEW_26,REUSED_BASELINE,0.16832934319972992,True,COMPLETE,
G4_view_minus,D2,yaw2450_pitchp0325_roll+015,NEW_26,REUSED_BASELINE,0.17359082400798798,True,COMPLETE,
G4_view_minus,D3,yaw2475_pitchp0375_roll+015,NEW_26,REUSED_BASELINE,0.18111972510814667,True,COMPLETE,
G4_view_minus,D4,yaw2425_pitchp0225_roll+015,NEW_26,REUSED_BASELINE,0.15209978818893433,True,COMPLETE,
G4_view_minus,D5_roll125,yaw2450_pitchp0275_roll+0125,NEW_26,REUSED_BASELINE,0.18548740446567535,True,COMPLETE,
G4_view_minus,D6_roll175,yaw2475_pitchp0300_roll+0175,NEW_26,REUSED_BASELINE,0.13248276710510254,True,COMPLETE,
G4_view_minus,E1_R4roll-15,yaw1475_pitchp0125_roll-015,NEW_26,REUSED_BASELINE,0.16748298704624176,True,COMPLETE,
G4_view_minus,E2_R4roll+15,yaw1475_pitchp0125_roll+015,NEW_26,REUSED_BASELINE,0.1622324287891388,True,COMPLETE,
G4_view_minus,F1_edge,yaw2425_pitchp0275_roll+015,NEW_26,REUSED_BASELINE,0.1567886769771576,True,COMPLETE,
G4_view_minus,F2_edge,yaw2475_pitchp0300_roll+015,NEW_26,REUSED_BASELINE,0.15863952040672302,True,COMPLETE,
G4_view_minus,F3_edge,yaw240_pitch+015_roll+015,NEW_26,REUSED_BASELINE,0.1361619234085083,True,COMPLETE,
