geom_id,rank,pose_id,role,group,cluster,ocs_total,metal_pct,near_specular_metal
H00_baseline,1,A_top1,top1,mandatory,core_top1_roll_neighborhood,0.20889049,95.02,1
H00_baseline,2,D1,top1_neighbor,top1_neighbor,core_top1_roll_neighborhood,0.20837701,95.07,1
H00_baseline,3,D2,top1_neighbor,top1_neighbor,core_top1_roll_neighborhood,0.20790972,95.03,1
H00_baseline,4,D3,top1_neighbor,top1_neighbor,core_top1_roll_neighborhood,0.20560145,95.07,1
H00_baseline,5,D4,top1_neighbor,top1_neighbor,core_top1_roll_neighborhood,0.20368337,94.89,1
H00_baseline,6,E1_R4roll-15,R4_cluster_nsm1,R4_cluster,other,0.20182256,98.80,1
H00_baseline,7,B_R4,R4_robust,mandatory,control,0.20114612,98.79,1
H00_baseline,8,F1_edge,bright_edge_nsm0,bright_edge,core_top1_roll_neighborhood,0.19927523,94.77,0
H00_baseline,9,F2_edge,bright_edge_nsm0,bright_edge,core_top1_roll_neighborhood,0.19826230,94.88,0
H00_baseline,10,D5_roll125,top1_neighbor_roll125,top1_neighbor,primary_shift_target,0.19780398,94.72,0
H00_baseline,11,E2_R4roll+15,R4_cluster_nsm1,R4_cluster,other,0.19740410,98.57,1
H00_baseline,12,F3_edge,bright_edge_nsm0,bright_edge,core_top1_roll_neighborhood,0.19713082,94.75,0
H00_baseline,13,D6_roll175,top1_neighbor_roll175,top1_neighbor,primary_shift_target,0.19526323,94.76,0
H00_baseline,14,C_R3,R3_negative,mandatory,control,0.06625763,98.50,0
Hsp_v0,1,D5_roll125,top1_neighbor_roll125,top1_neighbor,primary_shift_target,0.19528240,94.66,0
Hsp_v0,2,D3,top1_neighbor,top1_neighbor,core_top1_roll_neighborhood,0.18830136,94.67,0
Hsp_v0,3,D2,top1_neighbor,top1_neighbor,core_top1_roll_neighborhood,0.17613373,94.23,0
Hsp_v0,4,D1,top1_neighbor,top1_neighbor,core_top1_roll_neighborhood,0.17277132,94.17,0
Hsp_v0,5,E1_R4roll-15,R4_cluster_nsm1,R4_cluster,other,0.17247213,98.63,0
Hsp_v0,6,B_R4,R4_robust,mandatory,control,0.17182573,98.60,0
Hsp_v0,7,A_top1,top1,mandatory,core_top1_roll_neighborhood,0.16959147,94.01,0
Hsp_v0,8,F2_edge,bright_edge_nsm0,bright_edge,core_top1_roll_neighborhood,0.16854442,94.08,0
Hsp_v0,9,E2_R4roll+15,R4_cluster_nsm1,R4_cluster,other,0.16835260,98.37,0
Hsp_v0,10,F1_edge,bright_edge_nsm0,bright_edge,core_top1_roll_neighborhood,0.15810108,93.58,0
Hsp_v0,11,D4,top1_neighbor,top1_neighbor,core_top1_roll_neighborhood,0.15599308,93.53,0
Hsp_v0,12,F3_edge,bright_edge_nsm0,bright_edge,core_top1_roll_neighborhood,0.14275878,93.01,0
Hsp_v0,13,D6_roll175,top1_neighbor_roll175,top1_neighbor,primary_shift_target,0.13818776,92.89,0
Hsp_v0,14,C_R3,R3_negative,mandatory,control,0.13099577,99.10,0
Hsm_v0,1,D6_roll175,top1_neighbor_roll175,top1_neighbor,primary_shift_target,0.19493062,94.78,0
Hsm_v0,2,F3_edge,bright_edge_nsm0,bright_edge,core_top1_roll_neighborhood,0.19447424,94.70,0
Hsm_v0,3,D4,top1_neighbor,top1_neighbor,core_top1_roll_neighborhood,0.18842083,94.55,0
Hsm_v0,4,A_top1,top1,mandatory,core_top1_roll_neighborhood,0.18072152,94.37,0
Hsm_v0,5,F1_edge,bright_edge_nsm0,bright_edge,core_top1_roll_neighborhood,0.17901891,94.28,0
Hsm_v0,6,D1,top1_neighbor,top1_neighbor,core_top1_roll_neighborhood,0.17663114,94.32,0
Hsm_v0,7,D2,top1_neighbor,top1_neighbor,core_top1_roll_neighborhood,0.17271975,94.17,0
Hsm_v0,8,E1_R4roll-15,R4_cluster_nsm1,R4_cluster,other,0.16405573,98.52,0
Hsm_v0,9,B_R4,R4_robust,mandatory,control,0.16312907,98.57,0
Hsm_v0,10,F2_edge,bright_edge_nsm0,bright_edge,core_top1_roll_neighborhood,0.16262884,93.92,0
Hsm_v0,11,E2_R4roll+15,R4_cluster_nsm1,R4_cluster,other,0.16009908,98.31,0
Hsm_v0,12,D3,top1_neighbor,top1_neighbor,core_top1_roll_neighborhood,0.15753455,93.79,0
Hsm_v0,13,D5_roll125,top1_neighbor_roll125,top1_neighbor,primary_shift_target,0.14114070,92.93,0
Hsm_v0,14,C_R3,R3_negative,mandatory,control,0.03953715,97.91,0
Hs0_vp,1,D6_roll175,top1_neighbor_roll175,top1_neighbor,primary_shift_target,0.20491531,94.86,1
Hs0_vp,2,F3_edge,bright_edge_nsm0,bright_edge,core_top1_roll_neighborhood,0.19504877,94.70,0
Hs0_vp,3,D4,top1_neighbor,top1_neighbor,core_top1_roll_neighborhood,0.19031631,94.52,0
Hs0_vp,4,A_top1,top1,mandatory,core_top1_roll_neighborhood,0.18751159,94.52,0
Hs0_vp,5,D1,top1_neighbor,top1_neighbor,core_top1_roll_neighborhood,0.18114528,94.29,0
Hs0_vp,6,F1_edge,bright_edge_nsm0,bright_edge,core_top1_roll_neighborhood,0.17654803,94.20,0
Hs0_vp,7,D2,top1_neighbor,top1_neighbor,core_top1_roll_neighborhood,0.17550508,94.05,0
Hs0_vp,8,F2_edge,bright_edge_nsm0,bright_edge,core_top1_roll_neighborhood,0.17492923,94.23,0
Hs0_vp,9,B_R4,R4_robust,mandatory,control,0.16894559,98.55,0
Hs0_vp,10,E1_R4roll-15,R4_cluster_nsm1,R4_cluster,other,0.16874390,98.68,0
Hs0_vp,11,E2_R4roll+15,R4_cluster_nsm1,R4_cluster,other,0.16651725,98.49,0
Hs0_vp,12,D3,top1_neighbor,top1_neighbor,core_top1_roll_neighborhood,0.16446527,93.79,0
Hs0_vp,13,D5_roll125,top1_neighbor_roll125,top1_neighbor,primary_shift_target,0.14897217,93.24,0
Hs0_vp,14,C_R3,R3_negative,mandatory,control,0.03979351,97.68,0
Hs0_vm,1,D5_roll125,top1_neighbor_roll125,top1_neighbor,primary_shift_target,0.18548740,94.64,0
Hs0_vm,2,D3,top1_neighbor,top1_neighbor,core_top1_roll_neighborhood,0.18111974,94.50,0
Hs0_vm,3,D2,top1_neighbor,top1_neighbor,core_top1_roll_neighborhood,0.17359084,94.30,0
Hs0_vm,4,D1,top1_neighbor,top1_neighbor,core_top1_roll_neighborhood,0.16832937,94.08,0
Hs0_vm,5,E1_R4roll-15,R4_cluster_nsm1,R4_cluster,other,0.16748300,98.53,0
Hs0_vm,6,A_top1,top1,mandatory,core_top1_roll_neighborhood,0.16396582,93.92,0
Hs0_vm,7,B_R4,R4_robust,mandatory,control,0.16372579,98.31,0
Hs0_vm,8,E2_R4roll+15,R4_cluster_nsm1,R4_cluster,other,0.16223243,98.27,0
Hs0_vm,9,F2_edge,bright_edge_nsm0,bright_edge,core_top1_roll_neighborhood,0.15863952,93.81,0
Hs0_vm,10,F1_edge,bright_edge_nsm0,bright_edge,core_top1_roll_neighborhood,0.15678867,93.67,0
Hs0_vm,11,D4,top1_neighbor,top1_neighbor,core_top1_roll_neighborhood,0.15209978,93.44,0
Hs0_vm,12,F3_edge,bright_edge_nsm0,bright_edge,core_top1_roll_neighborhood,0.13616193,92.71,0
Hs0_vm,13,D6_roll175,top1_neighbor_roll175,top1_neighbor,primary_shift_target,0.13248277,92.77,0
Hs0_vm,14,C_R3,R3_negative,mandatory,control,0.13244369,99.26,0
Hsp_vp,1,A_top1,top1,mandatory,core_top1_roll_neighborhood,0.21039591,95.09,1
Hsp_vp,2,D3,top1_neighbor,top1_neighbor,core_top1_roll_neighborhood,0.20813724,95.00,1
Hsp_vp,3,D1,top1_neighbor,top1_neighbor,core_top1_roll_neighborhood,0.20773979,94.98,1
Hsp_vp,4,D2,top1_neighbor,top1_neighbor,core_top1_roll_neighborhood,0.20553603,94.86,1
Hsp_vp,5,F2_edge,bright_edge_nsm0,bright_edge,core_top1_roll_neighborhood,0.20542222,95.04,1
Hsp_vp,6,B_R4,R4_robust,mandatory,control,0.20257012,98.81,1
Hsp_vp,7,E1_R4roll-15,R4_cluster_nsm1,R4_cluster,other,0.20215040,98.88,1
Hsp_vp,8,D5_roll125,top1_neighbor_roll125,top1_neighbor,primary_shift_target,0.20210325,94.88,1
Hsp_vp,9,D4,top1_neighbor,top1_neighbor,core_top1_roll_neighborhood,0.20122614,94.82,1
Hsp_vp,10,E2_R4roll+15,R4_cluster_nsm1,R4_cluster,other,0.19995804,98.71,1
Hsp_vp,11,D6_roll175,top1_neighbor_roll175,top1_neighbor,primary_shift_target,0.19882445,94.76,0
Hsp_vp,12,F3_edge,bright_edge_nsm0,bright_edge,core_top1_roll_neighborhood,0.19420313,94.72,0
Hsp_vp,13,F1_edge,bright_edge_nsm0,bright_edge,core_top1_roll_neighborhood,0.19289215,94.68,0
Hsp_vp,14,C_R3,R3_negative,mandatory,control,0.06525266,98.26,0
Hsp_vm,1,C_R3,R3_negative,mandatory,control,0.22555675,99.51,0
Hsp_vm,2,D5_roll125,top1_neighbor_roll125,top1_neighbor,primary_shift_target,0.13269323,92.72,0
Hsp_vm,3,D3,top1_neighbor,top1_neighbor,core_top1_roll_neighborhood,0.12155909,92.11,0
Hsp_vm,4,D2,top1_neighbor,top1_neighbor,core_top1_roll_neighborhood,0.10922177,91.35,0
Hsp_vm,5,D1,top1_neighbor,top1_neighbor,core_top1_roll_neighborhood,0.10436385,90.90,0
Hsp_vm,6,E1_R4roll-15,R4_cluster_nsm1,R4_cluster,other,0.10401695,97.52,0
Hsp_vm,7,B_R4,R4_robust,mandatory,control,0.10096916,97.38,0
Hsp_vm,8,F2_edge,bright_edge_nsm0,bright_edge,core_top1_roll_neighborhood,0.10090395,90.70,0
Hsp_vm,9,A_top1,top1,mandatory,core_top1_roll_neighborhood,0.10038705,90.57,0
Hsp_vm,10,E2_R4roll+15,R4_cluster_nsm1,R4_cluster,other,0.09959482,97.38,0
Hsp_vm,11,F1_edge,bright_edge_nsm0,bright_edge,core_top1_roll_neighborhood,0.09472298,90.08,0
Hsp_vm,12,D4,top1_neighbor,top1_neighbor,core_top1_roll_neighborhood,0.08972660,89.37,0
Hsp_vm,13,F3_edge,bright_edge_nsm0,bright_edge,core_top1_roll_neighborhood,0.07814624,87.60,0
Hsp_vm,14,D6_roll175,top1_neighbor_roll175,top1_neighbor,primary_shift_target,0.07477579,88.00,0
Hsm_vp,1,D6_roll175,top1_neighbor_roll175,top1_neighbor,primary_shift_target,0.14991522,93.20,0
Hsm_vp,2,F3_edge,bright_edge_nsm0,bright_edge,core_top1_roll_neighborhood,0.14183041,92.90,0
Hsm_vp,3,D4,top1_neighbor,top1_neighbor,core_top1_roll_neighborhood,0.13081846,92.34,0
Hsm_vp,4,A_top1,top1,mandatory,core_top1_roll_neighborhood,0.12173121,91.95,0
Hsm_vp,5,F1_edge,bright_edge_nsm0,bright_edge,core_top1_roll_neighborhood,0.11890887,91.75,0
Hsm_vp,6,D1,top1_neighbor,top1_neighbor,core_top1_roll_neighborhood,0.11584660,91.50,0
Hsm_vp,7,D2,top1_neighbor,top1_neighbor,core_top1_roll_neighborhood,0.11093026,91.06,0
Hsm_vp,8,F2_edge,bright_edge_nsm0,bright_edge,core_top1_roll_neighborhood,0.10898403,91.22,0
Hsm_vp,9,E1_R4roll-15,R4_cluster_nsm1,R4_cluster,other,0.10309908,97.88,0
Hsm_vp,10,B_R4,R4_robust,mandatory,control,0.10252747,97.69,0
Hsm_vp,11,E2_R4roll+15,R4_cluster_nsm1,R4_cluster,other,0.10050481,97.69,0
Hsm_vp,12,D3,top1_neighbor,top1_neighbor,core_top1_roll_neighborhood,0.09758520,90.15,0
Hsm_vp,13,D5_roll125,top1_neighbor_roll125,top1_neighbor,primary_shift_target,0.08454915,88.87,0
Hsm_vp,14,C_R3,R3_negative,mandatory,control,0.03296315,97.68,0
Hsm_vm,1,D2,top1_neighbor,top1_neighbor,core_top1_roll_neighborhood,0.20011107,95.04,1
Hsm_vm,2,D1,top1_neighbor,top1_neighbor,core_top1_roll_neighborhood,0.19828415,94.95,1
Hsm_vm,3,A_top1,top1,mandatory,core_top1_roll_neighborhood,0.19664608,94.89,1
Hsm_vm,4,F1_edge,bright_edge_nsm0,bright_edge,core_top1_roll_neighborhood,0.19481207,94.85,1
Hsm_vm,5,D4,top1_neighbor,top1_neighbor,core_top1_roll_neighborhood,0.19475533,94.86,1
Hsm_vm,6,D3,top1_neighbor,top1_neighbor,core_top1_roll_neighborhood,0.19216267,94.85,1
Hsm_vm,7,E1_R4roll-15,R4_cluster_nsm1,R4_cluster,other,0.19121064,98.74,1
Hsm_vm,8,B_R4,R4_robust,mandatory,control,0.18749647,98.51,1
Hsm_vm,9,E2_R4roll+15,R4_cluster_nsm1,R4_cluster,other,0.18605108,98.47,1
Hsm_vm,10,F3_edge,bright_edge_nsm0,bright_edge,core_top1_roll_neighborhood,0.18480679,94.62,1
Hsm_vm,11,D5_roll125,top1_neighbor_roll125,top1_neighbor,primary_shift_target,0.18194022,94.62,0
Hsm_vm,12,D6_roll175,top1_neighbor_roll175,top1_neighbor,primary_shift_target,0.18153312,94.60,0
Hsm_vm,13,F2_edge,bright_edge_nsm0,bright_edge,core_top1_roll_neighborhood,0.17992038,94.54,0
Hsm_vm,14,C_R3,R3_negative,mandatory,control,0.06605352,98.74,0
